,0,1,2,3,4,5,6,7,8,9,10,11,12,13,14,15,16,17,18,19,20,21,22,23,24,25,26,27,28,29,30,31,32,33,34,35,36,37,38,39,40,41,42,43,44,45,46,47,48,49,50,51,52,53,54,55,56,57,58,59,60,61,62,63,64,65,66,67,68,69,70,71,72,73,74,75,76,77,78,79,80,81,82,83,84,85,86,87,88,89,90,91,92
Moderate,-0.035505470032551445,-0.0589756319663023,-0.04462552551173361,-0.07342080229751059,-0.03835096643091299,-0.046001388616402863,-0.07094567858711562,-0.0487149354614795,-0.07026463852865479,-0.04917298919953389,-0.05620819297294773,-0.055019976574839535,-0.05029078042337918,-0.054136256196665095,-0.05072356791054965,-0.05207700726390387,-0.06076816227591325,-0.06317897046535569,-0.06343536113336626,-0.047905744388051265,-0.07112382927957832,-0.054367510410149915,-0.05318427545362656,-0.06682826271131292,-0.06022770824303152,-0.03095620089145672,-0.04551881653001567,-0.04671633877436091,-0.05700586834765129,-0.02863089846592277,-0.03750799312186692,-0.05854984418510967,-0.0575876284650426,-0.06433736424380566,-0.04460928353633465,-0.04422705517497475,-0.05625734580930169,-0.0453086764030916,-0.04440502451735762,-0.042283784573310425,-0.05599686833974789,-0.06280392682807621,-0.0742028511508013,-0.045314794413929445,-0.05806515928876574,-0.059731164973063834,-0.04899194655025615,-0.043348669009695355,-0.06972744849306345,-0.06151130546076134,-0.051482567234609616,-0.047721319296822114,-0.056758518022969384,-0.03555075231231579,-0.057009268180350375,-0.06335095021793873,-0.06073303004592291,-0.038766554386300514,-0.0537335174986684,-0.050428874457817005,-0.060271861016918074,-0.07382555804749232,-0.04722631622119673,-0.05640842011798595,-0.06533322734985171,-0.06321383613619176,-0.07883442256675496,-0.07094702787830631,-0.06644547785737502,-0.05261517877254989,-0.046527904926398425,-0.07038198621185147,-0.03816632306730662,-0.060636560125413574,-0.03928963924356453,-0.05629458617711322,-0.05110080325060474,-0.05951419282984404,-0.04627301787095189,-0.049962212432634816,-0.03544557747217243,-0.045320985113065454,-0.024632511845729562,-0.045760294096970175,-0.07770558545060081,-0.03580496486468429,-0.05973325338770102,-0.057058103888814514,-0.04658218754652601,-0.08183934040112856,-0.06371194760471786,-0.05607674837222978,-0.042866935752841305
Very high,0.0355054700325567,0.05897563196630274,0.04462552551172826,0.07342080229749265,0.03835096643090498,0.04600138861640681,0.07094567858711733,0.0487149354614767,0.07026463852865321,0.049172989199541876,0.056208192972949794,0.055019976574853184,0.05029078042336726,0.054136256196654645,0.05072356791053736,0.05207700726389826,0.06076816227591473,0.06317897046536693,0.06343536113336486,0.04790574438801473,0.07112382927958297,0.05436751041014019,0.05318427545362918,0.06682826271131961,0.06022770824301719,0.030956200891461602,0.04551881653000853,0.046716338774347256,0.05700586834765947,0.02863089846591757,0.03750799312185761,0.05854984418510339,0.05758762846503842,0.06433736424381556,0.04460928353633023,0.044227055174964135,0.05625734580927495,0.04530867640307653,0.04440502451735833,0.04228378457331551,0.055996868339762904,0.06280392682807542,0.07420285115080495,0.04531479441392997,0.05806515928875579,0.05973116497305521,0.04899194655023436,0.04334866900968887,0.06972744849306133,0.06151130546075273,0.05148256723460687,0.0477213192968031,0.05675851802296876,0.0355507523123166,0.05700926818034175,0.0633509502179084,0.060733030045913676,0.03876655438630244,0.053733517498655334,0.05042887445780718,0.06027186101691815,0.07382555804750855,0.04722631622121242,0.05640842011799141,0.06533322734984438,0.06321383613620693,0.07883442256674573,0.07094702787831363,0.06644547785735808,0.05261517877253052,0.046527904926387774,0.07038198621183103,0.03816632306730196,0.06063656012541036,0.03928963924354258,0.05629458617711248,0.05110080325059709,0.05951419282984004,0.04627301787093523,0.049962212432623665,0.03544557747216356,0.04532098511306226,0.0246325118457267,0.04576029409696248,0.07770558545059185,0.03580496486469389,0.05973325338768649,0.057058103888813196,0.0465821875465098,0.0818393404011146,0.06371194760471219,0.05607674837222297,0.042866935752827136
team_size,-0.5416965564916683,-0.5502565229113972,-0.5601946144397657,-0.5745004346542504,-0.5442728237536635,-0.537312968173369,-0.553037400728508,-0.5411787181890924,-0.5851077714866963,-0.541242759088897,-0.5448796998692956,-0.5443589615719574,-0.5415409931816388,-0.5459561447155604,-0.5335826546264105,-0.5482451689784817,-0.5482852677282414,-0.534013508845132,-0.536195542514345,-0.5474035603071588,-0.5275498092887849,-0.546990003406878,-0.547453346788044,-0.5382678870330988,-0.5273657101325496,-0.5429074642622689,-0.5683510870909002,-0.5360981984102374,-0.5443027119059937,-0.5878245133726357,-0.5625918110526544,-0.5434392076904059,-0.5408484274027465,-0.5629871095585159,-0.5389317474501937,-0.5621128849399553,-0.5513829301424663,-0.5318589894209996,-0.5420800598788588,-0.5532287869121637,-0.549401491417758,-0.5419428665958526,-0.5413707117657265,-0.5604066843452006,-0.5566759914736982,-0.5432618890959926,-0.5347546624615263,-0.5679233518609621,-0.5838145246904807,-0.5491424084733594,-0.5539179037103096,-0.537464266715044,-0.549181603994496,-0.5879305135386342,-0.5409728635318549,-0.5438872447226737,-0.5368897602303564,-0.5196258667106022,-0.5461019128279821,-0.5594088899253978,-0.5422642917953148,-0.5253176695675829,-0.5445234899929465,-0.5497837318226932,-0.5299915256511207,-0.5404710332481666,-0.5344080210621462,-0.5357573250670914,-0.5477530122735592,-0.5471333445777476,-0.5358420606030861,-0.5466701272895048,-0.5083421041921595,-0.5445983509428769,-0.5377023654750126,-0.5558795336961034,-0.5437598859245336,-0.5529219544143125,-0.5308378787872764,-0.5512258074134739,-0.5330226109412654,-0.530117323951426,-0.5774104874331483,-0.5574285088803158,-0.528295078623204,-0.5294037588886442,-0.5404932609969402,-0.5405856882185178,-0.5429789042454317,-0.5730368385351488,-0.5332442592407575,-0.5454054448745346,-0.5324963408298554
vis_img_High,-0.157064220512871,-0.17967915705450163,-0.179101260343237,-0.17586404528400246,-0.17969713677863272,-0.17631496534835206,-0.16490204905220607,-0.17225678217431178,-0.19103046818388683,-0.17475718488455022,-0.16950297783394008,-0.17411424488897684,-0.1745954427667163,-0.17609388328458028,-0.17840656153874854,-0.1786012560089529,-0.17579220475943758,-0.16837356490697913,-0.17899063151808245,-0.16113521901631744,-0.17630646394548885,-0.17687984801317397,-0.1771270136619513,-0.18622001230602803,-0.16977469416721302,-0.17928514729179212,-0.19578929228607514,-0.17428248306524247,-0.17470875650839182,-0.19163986048437245,-0.19225502597962182,-0.16718670756411674,-0.16956533093202578,-0.1659078851203572,-0.17822991740987626,-0.19033286133095967,-0.177020270058433,-0.1612519529263907,-0.18243529816262233,-0.16672594212950334,-0.17296626980773128,-0.17655989947118145,-0.17315860914503003,-0.18141653182420414,-0.18586513309049682,-0.17624982015486823,-0.1581551903306463,-0.18243357814347802,-0.1905348860833359,-0.17113457119692116,-0.1783542050148914,-0.17452720055482235,-0.1771487161391207,-0.21036877637860862,-0.17556334067759782,-0.18546138613689447,-0.17240691278725373,-0.16739436429432744,-0.17563781279792343,-0.19578606908661944,-0.18101269219037155,-0.16348290676798827,-0.17284276681183058,-0.17761128032415985,-0.1899652322785309,-0.18334931019098274,-0.17746194976209384,-0.189491277506857,-0.17433861459775965,-0.1762574666075858,-0.17423659853594872,-0.15463762337736486,-0.15659268515264,-0.17685385701285933,-0.17753447919317564,-0.1790314739876089,-0.17259027800655638,-0.1780808361711784,-0.1780636756624012,-0.17698687378274708,-0.16748834756105277,-0.15978394240320026,-0.1762242903365111,-0.16976328664708684,-0.1729152920428478,-0.18175611841841857,-0.18512184300570866,-0.17433990731155904,-0.1809970238215211,-0.15304166658928575,-0.17269359128691478,-0.1750603345251815,-0.16691337063858272
vis_img_Low,0.1133550413246785,0.1328455139694557,0.13120330212830872,0.11896874233849347,0.10634201225963283,0.1325365345257154,0.12015039750903668,0.12194924158872758,0.14379006913603878,0.12891449454357534,0.12627243902074392,0.1263631526257957,0.1254172570865461,0.12744348194674834,0.12969839692622218,0.12910148982487088,0.13573174168106542,0.11486477407016059,0.13603439705447823,0.11841093372200001,0.1361839196550031,0.12820568227666138,0.1280976808705465,0.13320975450894823,0.12722164242051112,0.12682056255380747,0.1299053754432619,0.12821669833312185,0.125298495762885,0.14559918290304674,0.1391699374582627,0.1204702001840481,0.12930423040716021,0.11169181784573674,0.12791290607291494,0.1368569785320759,0.1331805292623988,0.11743547565045287,0.13160560553997835,0.12214113004602489,0.12758732495026168,0.11930449001927954,0.11583310428257867,0.13368120449663504,0.13357982962020376,0.11872133733425512,0.1208715277214534,0.1262646200998315,0.14324872648805353,0.12422236598878851,0.12993030518473947,0.12811086581318867,0.12734985849600952,0.17287504004300647,0.12869893579607852,0.13364429517542517,0.12188396862385252,0.12638438892743878,0.1269737818415511,0.1390398102725221,0.13025306715242327,0.14374213361447238,0.12163729382491703,0.12966458764945685,0.12608829529863108,0.13157978583804714,0.10440609872391092,0.13506716066884802,0.1277802874705485,0.12744533502340724,0.12823654193060674,0.10305795082370242,0.10505236027209691,0.1268168547335535,0.10890009548100958,0.12416343269253405,0.12484981325722559,0.12717792512928516,0.12975953312103453,0.13292308763664049,0.1400138856949827,0.11836253959276975,0.1205189321195184,0.11802278857084192,0.12743844743094185,0.1446434194678592,0.13413018920634345,0.12488212270701204,0.13066592050620235,0.13954673175457014,0.13028578545574948,0.12554154020971328,0.1129937579800067
vis_img_Mixed,0.05079805999338895,0.05474001885564727,0.05585680809886284,0.06534272696931172,0.08296256786330786,0.05139709676709603,0.052121267464572824,0.058234111754405335,0.05548262878341854,0.05355120695626501,0.050628177264620426,0.05556443145462382,0.05709616283840408,0.0565754283825092,0.05670000749097753,0.05754768026768629,0.047426464279213446,0.06153465717385137,0.05059519836866671,0.049861109803076134,0.04750656009936577,0.056622165216292465,0.057006850890404144,0.06149117981995187,0.049914664252173245,0.06072126827335356,0.07545144895901088,0.0537756519126109,0.057346211011494244,0.054222610351011405,0.06173550171245624,0.054274458667349576,0.04747003799678102,0.06221999734048245,0.05840719410840233,0.062098898947767406,0.0514815854480839,0.05102651955748709,0.059067511955145945,0.051993503405569116,0.05300885245710251,0.06574491333631093,0.0657266835433433,0.05574693197720139,0.060710056384599156,0.06602703443719793,0.043990306665373693,0.06474908806703393,0.05551779930522228,0.05459044031083406,0.05639608665409156,0.05415535768333749,0.057826310493480054,0.045638737123171874,0.054660434235402636,0.0602008036616866,0.05846742416933657,0.04820768648472763,0.056577485971707565,0.06572778961066461,0.05895412927091319,0.025467945348233625,0.059205611515097,0.05586800652456357,0.07315684393872755,0.060092549389075024,0.08258310743956418,0.06308496798540315,0.05430130829425846,0.056751993011042626,0.0537044570805973,0.059106994379424044,0.05911847651227643,0.05807167855832404,0.07788011167108448,0.06327191359727576,0.055511534086036325,0.059026593769844204,0.056260722016880524,0.05171908538064972,0.033806830657321964,0.048437809768735164,0.06408631304369974,0.05969090509739769,0.053111638454356486,0.04445244002296672,0.059313172872895406,0.05738671639738777,0.05849770283679004,0.018536682255885093,0.04983976052768144,0.057471298249321054,0.06193197311019083
int_verb_High,-0.06253779137689806,-0.05622022065624519,-0.06573086311880076,-0.05571899951737234,-0.06887716416900042,-0.06391410527691091,-0.05554540353184271,-0.06073678624401678,-0.08180078428751393,-0.06540518652491742,-0.058250506763505024,-0.06320563553315922,-0.06342941149802145,-0.06263029045266681,-0.06138143249409811,-0.06062260241944887,-0.06850117070802075,-0.060078989302163,-0.04700008538424315,-0.06327677217807393,-0.06585619432068245,-0.06236853198794548,-0.06348166364648193,-0.06958654931722758,-0.0548147711248099,-0.05523641991282258,-0.0569074469821811,-0.06020978356046173,-0.06494417989629192,-0.08136043368518027,-0.051347584221423624,-0.06279430330698403,-0.07296918692373901,-0.07324610216494959,-0.06930546787789638,-0.0534658026647243,-0.061284861033506687,-0.07242792793175729,-0.06652485912357031,-0.05605117795128969,-0.06256475542968189,-0.06484923855066702,-0.049499380046803064,-0.06900313682925018,-0.056468317815553455,-0.05681796206973831,-0.054248848058546226,-0.05495903101699898,-0.08116277694543671,-0.05944825688668393,-0.0693735426342366,-0.06052891902240028,-0.06397386129462851,-0.059068710212604736,-0.05851361507030585,-0.05143213528685546,-0.05757234430026612,-0.05384372881055649,-0.06274370812570669,-0.07573328669863004,-0.06597093641809018,-0.054191084982122176,-0.06057165549667809,-0.06478780792595397,-0.06280686270731001,-0.06759332682153679,-0.06908103166805714,-0.07185789588203548,-0.06645802172062638,-0.06272242542463691,-0.06014994566133913,-0.07336776847596498,-0.05551179853630578,-0.060788697225891634,-0.06745772193783535,-0.062057626499391665,-0.061214483737044925,-0.05922753486630512,-0.06437004115087651,-0.06126810668406738,-0.05605001808538382,-0.06833999802709817,-0.05459906222959307,-0.06900696349769869,-0.05946826278388848,-0.033007218941757586,-0.05913366958513311,-0.0636947519014339,-0.06562420065708999,-0.08303137449863215,-0.06999793210430691,-0.062022384251066445,-0.05912270677526918
int_verb_Low,0.053394989189344426,0.051691654157938575,0.059959470050356393,0.03432903760322306,0.07834011756469114,0.06363421185650281,0.05574679023871354,0.051096899546403216,0.08623455521742268,0.05326367340598948,0.05247687638829948,0.05605106940038315,0.0590622692888575,0.05664529501330553,0.05652256397735208,0.05664232149453591,0.060197816798042966,0.06478385465468817,0.044731280709053994,0.046695903727992455,0.07042922553855989,0.056395885262736686,0.05649561761077061,0.05744396910831836,0.05804734507877804,0.05007553940746998,0.057334492799377475,0.05575628474284085,0.05837371029871373,0.08666070447455942,0.04089046956456906,0.05515333615776553,0.06268569369249175,0.062309115744340865,0.062325404564734455,0.0573702897436293,0.052728994992221966,0.07099497275169114,0.05703749701530198,0.05576341946498058,0.05629340371622137,0.0508584302110517,0.06782322525032396,0.0669057666580535,0.0571664368280562,0.052989318218448135,0.05232372619625074,0.0659286899578788,0.08525203642901683,0.056205596163229274,0.0578425987096992,0.05586769264128649,0.056322890901496586,0.02594857689301286,0.05321644712922304,0.040557775055843986,0.054738723852782,0.035099888072408526,0.056795308655193326,0.06012743938411534,0.056995055162509224,0.0719934064051119,0.05007501205625875,0.057381009152124865,0.057895290951930065,0.057196490907433895,0.04040768484791706,0.05772597915122709,0.060056073130744764,0.05663968762135507,0.05573539576188976,0.0678839103038828,0.03777499231117454,0.05483884412615521,0.042523062144797966,0.059381336850499664,0.05503190381238042,0.05094247251347528,0.05883199887807891,0.05302187003677865,0.0672506368186966,0.059376392865896924,0.03363706688880644,0.060134204573292535,0.05539386599441976,0.034463550146157054,0.049165982514956436,0.059432556984361055,0.056931618725011596,0.07357278817374266,0.04854629670302719,0.054618526710088024,0.06643132850224032
int_verb_Mixed,0.021358636937258566,0.015736458220872555,0.018846090685970852,0.031462468727146566,0.005187818313459318,0.013319871341972746,0.011158419334392149,0.021457337755166183,0.012549084151041811,0.024759421289145548,0.0173200157457069,0.01962864241381527,0.01705770166369179,0.018413185555884257,0.017100917814334742,0.016121132916586615,0.021788885544214095,0.007857014169378257,0.011731539829848713,0.02849198827239397,0.009161007066118838,0.018348118270146804,0.019526836731920766,0.02561464097851797,0.008163671308208323,0.016129052016543365,0.011224839167214347,0.016481024291692684,0.019435500019073175,0.011645709180302024,0.020306362771487032,0.02000121297427372,0.02456049333467056,0.025230522690075724,0.020710975761917123,0.00725733884761523,0.02055169525678445,0.016141596235544176,0.02249661297731823,0.011720923286074306,0.018668610352133273,0.026381846460452694,-0.007088945146680601,0.01606565017173743,0.010880662417093111,0.015201528992288653,0.012889774759350677,0.0009300590056906694,0.012742149946269868,0.01518879285592788,0.024996960216058465,0.01674122246555537,0.020251577363401854,0.04315832606018398,0.016926493968906216,0.020715319471461414,0.014421578366378623,0.028595356067874465,0.01840200188364258,0.03012146373077999,0.021903305430551277,-0.005640895114633369,0.022227871655520898,0.020188647165008858,0.0174415959138385,0.02356864830464977,0.041029400444871224,0.027946121002271045,0.019586568626877004,0.01852376228775178,0.01643223713410133,0.020136328061940108,0.027990789004675005,0.01800397383645048,0.03718812998924651,0.01519019242110012,0.018309427658011,0.019877187185528777,0.018349031079150098,0.020257612094414963,0.0009361283092830529,0.022375761184567494,0.030831926958882684,0.02242673606556943,0.015973660827344093,0.005375991791417064,0.02143755237379556,0.017013390677812344,0.02156652678002191,0.025841745215446132,0.03443743217562043,0.019620932846937,0.005217412606659913
ort_img_High,0.08462565688379683,0.0651672061209657,0.08255421837405832,0.09011429838658928,0.06796800380240493,0.06561054597550472,0.051596669595294166,0.06662941474632712,0.07868622002400996,0.06803931668391845,0.06349736466283779,0.06780642021919374,0.06737978566038931,0.06737272478561991,0.0580576338914848,0.06847661870085296,0.07031349893331433,0.06248000929977468,0.05871424771148393,0.054544838409600435,0.0620030025669348,0.06800738266972886,0.06831469514072366,0.08046893352955854,0.06976615768000145,0.03771340561957826,0.06918418073149485,0.07017316939684415,0.06797628308031835,0.08134185026605156,0.06134066468497199,0.074618131900774,0.07423545335997468,0.07573257706940771,0.06437009510576491,0.07384261811275818,0.07081341845646023,0.07445473845831438,0.07645381424830397,0.055424956521882215,0.06371728999191881,0.06763786126154037,0.05932419972437033,0.072205924862914,0.07124212970695236,0.0638190218011057,0.04875496908960445,0.06902378816975242,0.07831326760535291,0.06043260773363567,0.07419946735759748,0.06979636384157663,0.06679211793533546,0.060115804927103327,0.06440851820092429,0.05639338211780864,0.061258270046947234,0.06399686001503874,0.06711090798557746,0.06190775284305084,0.0737791040549125,0.056676083316741954,0.06750626238839923,0.06978850518495389,0.08305798812811327,0.07678095061404866,0.06802667512558695,0.08467151871236035,0.08338327816265066,0.06728103743113686,0.07024382043848439,0.05005757518844515,0.05964320724302605,0.05852763734162185,0.0700332755651464,0.06959346275856279,0.06817725551691917,0.0680870106481895,0.061109295773082266,0.07088788050720653,0.061772900767977146,0.0655499806657479,0.09347409019944179,0.07352606517652767,0.06981473645101609,0.05332816061409659,0.06989049210820761,0.06695163708193501,0.0744147516010367,0.02425355865972791,0.06767880969263088,0.0672125372808501,0.06272411250297204
ort_img_Low,0.027885242518605708,0.04452558823105712,0.030361199478957674,0.021300935803326104,0.04756300374205594,0.04068122771548312,0.05558556515852251,0.04210703570830427,0.03812229392583734,0.04117133253323663,0.04321297539993247,0.04268434028159821,0.04083499812669043,0.04134845067564695,0.046998375313311504,0.04063098007465853,0.03528163464175051,0.043138220238358456,0.04648906739303765,0.054841290289611315,0.040656222690138896,0.04103429704314177,0.04096835304664816,0.028601876405750695,0.04661775808514323,0.0678313748967643,0.047976543290014495,0.0386856994759519,0.04024175989174611,0.03730808686375997,0.04952070244721015,0.035348172927877605,0.03143495907114028,0.03683527958437913,0.042609690657170365,0.037631723300937135,0.03694352009152278,0.03330929150447306,0.03319534313692838,0.05303592225515352,0.04404124966134328,0.04423102314932295,0.04317453007217731,0.0399469196288114,0.03896191000112954,0.047594391536020596,0.044393602085206166,0.04091941992908592,0.03822845636656113,0.04762654092424937,0.037535178756554204,0.039048006586310385,0.040462659299130566,0.05913276964153988,0.04350021037687105,0.050307108670717415,0.0378491841861658,0.058315210387842896,0.041545397324898724,0.03205639839914546,0.03512877906416043,0.03468213555463709,0.04207300675006683,0.042926404624948886,0.029394587420770984,0.03220004069179729,0.04954453821598157,0.024501642684453945,0.02709302678256411,0.041547750722840594,0.0386177668927887,0.05264333167897062,0.04488833348329202,0.04882784206768961,0.04775142407013628,0.046347867021402304,0.04113131745350832,0.04141948039928631,0.042698011419089354,0.03719615982570276,0.036089851977823106,0.039509401562352865,0.019972505054585348,0.03822739261647723,0.03768653392291003,0.05026690302737992,0.03879824532781838,0.04089771364187288,0.03503204103718945,0.07133496037446144,0.04133064713830751,0.04162665840511632,0.04312291817910821
ort_img_Mixed,-0.19291787250809428,-0.18934809259449023,-0.19378444106544732,-0.19057959479714082,-0.19947442837144447,-0.1832979880820978,-0.1858938334860302,-0.18754946754193613,-0.2009545570652093,-0.18828587891621312,-0.184192452274531,-0.19056788672674946,-0.1865717920043017,-0.18746832474977954,-0.18166127578208194,-0.1880717028339487,-0.18172295288482615,-0.18233411809031402,-0.1818741183124146,-0.18957880926990273,-0.17713312911793022,-0.18798922606357824,-0.18839393469828922,-0.1871335357158437,-0.20085266942235352,-0.18400723036789468,-0.20226953762973798,-0.1875080822098367,-0.18653413227434434,-0.20401946802561913,-0.19169436900465225,-0.18914399461747203,-0.18157062400410753,-0.19366609346738867,-0.18460567734027392,-0.19186880160571212,-0.18551169470100332,-0.18525914464274132,-0.18844918559219795,-0.18787758019636486,-0.18603114466599482,-0.19301863593212104,-0.1770441694524171,-0.19318851297108983,-0.1898104289623038,-0.192490738702757,-0.16126929564955675,-0.1895104098769082,-0.20050964591967105,-0.18680218130503892,-0.19230340993651773,-0.18750986083810267,-0.184915922607686,-0.2066240203649985,-0.18624656845399543,-0.18469221352633827,-0.1709027789684146,-0.21176207487056986,-0.18737260327401245,-0.1617548404649999,-0.18733228732364984,-0.15752473543192227,-0.18897692951475206,-0.19435903618364608,-0.19292880365047663,-0.18724310390989052,-0.20308013441762202,-0.18700867893657405,-0.18940827230215607,-0.18766541169986833,-0.18750774871702044,-0.17807654006203724,-0.180617837720456,-0.18569578294748806,-0.2033117951477838,-0.2000821223282446,-0.18844910468480378,-0.18880587461799617,-0.17922963052459717,-0.18608505355077778,-0.1686629148994116,-0.18112178138921947,-0.19392932049897155,-0.1923857211272019,-0.18513201744871047,-0.1794205701433038,-0.18722762818708846,-0.18595635840465483,-0.18823956686470944,-0.1673703515942516,-0.18795613128961342,-0.18768881396986595,-0.182721191661972
rep_man_High,0.05447187074755465,0.0730927577599877,0.08160828444334835,0.0660552560680498,0.0726976397322386,0.07874365929975939,0.08510081864401822,0.0762011627530306,0.0785751620893697,0.07560914849405578,0.07148924738640114,0.07545460696483462,0.07629990814919539,0.0774129608020429,0.08603502718289664,0.07581956047411109,0.08405501853388421,0.08130731240431713,0.0727936842476967,0.06643736267128743,0.08248584735089708,0.07720268631162702,0.07818381002255793,0.07207281471433129,0.080892768404869,0.06058419255129439,0.08701093939686519,0.0881824727195425,0.07915619172249315,0.07557345738024204,0.07981685650229052,0.06768057279800857,0.08140365043103827,0.05916878214650617,0.08627673121970182,0.06979493955131419,0.07687091513906208,0.07319287346629659,0.0728176171460481,0.08206889036690439,0.07425232985289251,0.0731340791352434,0.08535984869255804,0.07669313083879473,0.072877363066557,0.07139982857544276,0.06862866552602248,0.07956809664911244,0.07853223438946723,0.08073452436154017,0.08166633763439271,0.08668725851421229,0.07691609950744131,0.07487790939646194,0.07536196137285028,0.08238631793016297,0.07318184265018632,0.07762072575653775,0.07729659414635222,0.10547044973959177,0.07474299930644551,0.09540152726178029,0.07565845289482206,0.07943059270354301,0.09244353407992618,0.07354483955357242,0.06554814900171009,0.07039539106030274,0.08624555094414572,0.07605771062734856,0.08846282538304025,0.08043533308487552,0.0752576412812584,0.07363279792188278,0.06458339328999319,0.07718053624344301,0.0735938819864486,0.07671474949676237,0.08738077661056336,0.07646354105284409,0.08763730843042933,0.06640437787339869,0.06225227546522031,0.06477969574221443,0.09749069031258424,0.06638298781514296,0.08315672743841915,0.07669121639605547,0.0738252235189206,0.09891056613671029,0.07474254616453821,0.07708389948947753,0.0805532824117338
rep_man_Low,-0.031119095801429204,-0.028986617919577518,-0.030811672181086713,-0.004569265435746648,-0.019252865113469547,-0.02383022361831,-0.031165633157936985,-0.0325951255568274,-0.04502261866472906,-0.03204848898646401,-0.023959796748324214,-0.02836671420262901,-0.028070552271169724,-0.028786851728461224,-0.02887016577786898,-0.027218203203178023,-0.026823247483970785,-0.038039075139172436,-0.014909369067795598,-0.017316364301569548,-0.019160699474257272,-0.02861346469829869,-0.029503156022497968,-0.02611110577289993,-0.024169748261306474,-0.020500988838615956,-0.03167704027187317,-0.03283115493260154,-0.028455687828277697,-0.04554956581429147,-0.03638604529654154,-0.029710005492114593,-0.03710399802986736,-0.023246578214305307,-0.04178206952144441,-0.021328302372435406,-0.02472661207920828,-0.02153120362386547,-0.027159571443111936,-0.03091793177028639,-0.026945994916377183,-0.022981518437167035,-0.016755064160419404,-0.034432034798538,-0.023517765829335745,-0.030346546815740356,-0.027408619268357127,-0.01896041752942998,-0.04447919369162104,-0.029741603407741814,-0.031421022350733546,-0.03225293235127424,-0.02938053336115572,0.001451201359443885,-0.029412032406397053,-0.03711369578317498,-0.029486237059839382,-0.039949596305067614,-0.028546606145157496,-0.03883839104509368,-0.02739512093659671,-0.04849121147906366,-0.03325178688691174,-0.02821257388749484,-0.03607821291188454,-0.026818960286221268,-0.012672001074043635,-0.025304480862380553,-0.03297232535096332,-0.028212434054372525,-0.03293957166660202,-0.02510519634793592,-0.04271315384636719,-0.02632782809101111,-0.0150709468007849,-0.03140561538894721,-0.029077905004765568,-0.023364334726564275,-0.029193573135100556,-0.02507668207293189,-0.04269911806141932,-0.022409672667320496,-0.004265339818299232,-0.02529622244194169,-0.03527046912345596,-0.003354132352935398,-0.033582192760953124,-0.027961372095572038,-0.02748819369316404,-0.05917568321983729,-0.03693549578999054,-0.02999928817847796,-0.04013558306417734
rep_man_Mixed,-0.02311874607131103,-0.04324669185861625,-0.04977075169685623,-0.05978563250006185,-0.05218093950868004,-0.05367160253178781,-0.052824221333170995,-0.042811509143054545,-0.0332206656294868,-0.04275977312340845,-0.0465013228356338,-0.04613419369038998,-0.04723875121461967,-0.04763415736111143,-0.05592905071586968,-0.04758813303284415,-0.05596535513485609,-0.04255969333173725,-0.056432214712729356,-0.047954099753527914,-0.061776495727363004,-0.047595898597769304,-0.047697175254579005,-0.045008716891657995,-0.05543401752424406,-0.03922028089313344,-0.05418996451351179,-0.05422305691808189,-0.04964438483483427,-0.029800655896922466,-0.04269443677313968,-0.037297322071133815,-0.04354840713443989,-0.03521716069404216,-0.043803378254123074,-0.04737473867952615,-0.05099449430035035,-0.05048093067749181,-0.044728460556513985,-0.05011641887708983,-0.04632645774511554,-0.049035451151174976,-0.06687091665935421,-0.04153090434437057,-0.04827275731827049,-0.04030049588810372,-0.040421303276703464,-0.05913420025301463,-0.03369918524733485,-0.049946431369590094,-0.04924381397858927,-0.05332427600120082,-0.04658322822400484,-0.07411844717673732,-0.045043533631025715,-0.04449359261547032,-0.04285493981264375,-0.037149972884199044,-0.04775111471622065,-0.06526427216272519,-0.04637310303846327,-0.04624373404038618,-0.04165575724920999,-0.050143642278502376,-0.05525346640904077,-0.045760878485411,-0.051536406811284234,-0.04415160251739131,-0.05220657563115777,-0.04686768169111441,-0.05439157833999875,-0.05409421327928669,-0.032209172151241146,-0.04631646891751354,-0.04830284801133681,-0.04490148528643449,-0.04364604766906736,-0.05214690489685625,-0.056926588020168374,-0.05026369152891356,-0.044247030881880686,-0.043046286633146205,-0.05638272661089875,-0.03870495990524194,-0.06092903565702537,-0.0612671948652936,-0.04862256828394156,-0.04772334767561587,-0.04539256593273239,-0.03942393667208893,-0.037239754303065586,-0.046153885043979034,-0.03982033408608908
soc_pers_High,-0.019792870531320134,-0.03888753842021429,-0.028488230417759296,-0.010252978176985336,-0.027979503714411887,-0.035852145739006615,-0.04068049268429348,-0.03986777266668296,-0.029654592120011525,-0.036759980206169655,-0.04283518953418357,-0.0391196640691993,-0.040681854225395074,-0.038436810234221463,-0.04539762451821091,-0.03880169300254801,-0.04003264745972686,-0.0413094186319684,-0.04090268801417689,-0.050370318282628695,-0.03514494637308503,-0.038665370861219364,-0.039085253510748715,-0.03798494653113024,-0.03270552948619477,-0.06149264710060899,-0.037808198042749395,-0.04475684110639876,-0.03859180938393513,-0.027203310922982643,-0.03686905767983475,-0.03055247957172115,-0.029974745492961568,-0.03542147014908719,-0.03416798131107295,-0.0399154499783151,-0.03531352551527145,-0.03867137807507638,-0.03722784480794675,-0.03893908655362168,-0.04092139959978741,-0.0356254444309376,-0.04600863985232656,-0.03460752135396489,-0.04006120826949011,-0.03760431610316785,-0.046553991329886996,-0.041582999182415106,-0.029946947807139426,-0.03945318425952776,-0.03888163620391821,-0.04389634311933165,-0.039707054544893865,-0.07426262297388221,-0.03890429849951564,-0.03872379678285843,-0.03539501513960497,-0.04975475685932727,-0.03829516772386362,-0.05033653122026324,-0.038239819550826275,-0.05074600693247679,-0.0401026579953191,-0.04010219034223789,-0.02852176898773081,-0.03812545345220752,-0.03039767779321863,-0.037824833993084804,-0.0261231593407063,-0.03775176205227086,-0.04491818447897317,-0.030981402381534115,-0.043359750961744846,-0.04549375429403566,-0.029570454512816802,-0.04031126347072963,-0.03943946439902678,-0.04067111064555176,-0.03558025017710183,-0.0352436299700484,-0.04531655274864823,-0.02475563492210517,-0.006951978562793545,-0.03574830983178348,-0.050564874845210335,-0.04103974857079137,-0.04162749936080895,-0.04137805536062928,-0.03751106982904971,-0.07154014704544366,-0.035430118844421675,-0.03919481221393752,-0.040700570116920645
soc_pers_Low,0.12296451422074164,0.14091974317478448,0.13576357789798948,0.11818552182628046,0.13877109760169867,0.13870735406901902,0.14156505397612829,0.14141984343811928,0.13734674405046876,0.13852710161220774,0.1374090103716929,0.1417774226252233,0.13764999709395345,0.14145789721172058,0.1463725419141042,0.1421728957484169,0.1431902246113903,0.1431058135059146,0.14224067880212227,0.15127895907224378,0.1390778597258742,0.14194847778273698,0.14092843780996678,0.14415604213897923,0.1333570814939448,0.15511268306318277,0.14613362819247558,0.14998128125561228,0.1422055223052432,0.1333641747493373,0.13477439280631887,0.13416723296158561,0.1313884045554276,0.14105531728608983,0.13403175932809527,0.14511322480844818,0.13806693718536153,0.14556462240951135,0.1415204007446604,0.13912666601942955,0.14244334943285533,0.14132747755165181,0.15156943845236925,0.13872925838366892,0.1450185644614159,0.14103643081281506,0.14329640302973898,0.14803673765359557,0.13748551068262724,0.14154918114772677,0.14452990625573808,0.14882324671452715,0.14333290466099488,0.18173108225022025,0.14056255621598718,0.1360502042160102,0.1372775275892089,0.1451983927517666,0.14124244437098224,0.15907725211299328,0.1428125786550001,0.1438387530359472,0.14177777869656075,0.14386741197141176,0.13929960967238603,0.14341541483374426,0.14094471311083165,0.1450000127892012,0.13424512369134584,0.14051121466534047,0.15019841273206638,0.12995723146646096,0.13926617933337085,0.14646105849927454,0.13767440933205388,0.1449040814774501,0.14236788889768556,0.14483634476249233,0.13588841115197833,0.13778535928457208,0.14013337341482024,0.1454377022254523,0.11308876757634746,0.13985911456906058,0.15850627298512915,0.13952882100306582,0.14481256334936357,0.13779428183307627,0.14152406370505782,0.15681079787289803,0.13616281358090213,0.14199032979959492,0.14137041716938625
soc_pers_Mixed,-0.19736403446081122,-0.1934077942021145,-0.20448686232249486,-0.207433024318552,-0.21132217418745253,-0.19527590748205648,-0.1910272121007825,-0.19239067368869062,-0.20518426331026832,-0.19309172383890938,-0.17864540468733445,-0.19459414542796577,-0.18346599227852145,-0.19535840488539702,-0.19076774959434983,-0.19600077976094266,-0.19547512173808493,-0.1927297595794152,-0.1918821710704837,-0.19018238182956698,-0.19742159225761133,-0.19584324026762512,-0.19302468173111573,-0.2014814222094557,-0.1913109378783793,-0.17508780765400925,-0.20565687013352246,-0.19903088271338915,-0.19648827958847193,-0.20245341721635096,-0.1856260693818593,-0.1972297859972111,-0.19303346401950208,-0.2006800038157898,-0.18965552629662139,-0.19942473756858647,-0.1951289223399697,-0.20281247168543717,-0.19792432809042132,-0.18984179203683452,-0.19223560390365146,-0.2007928820991975,-0.19956511455452358,-0.19783557303938645,-0.1989471742611213,-0.19622851798862212,-0.18249004392173435,-0.201696129813738,-0.20486084970380744,-0.19347892130023903,-0.2003895655691693,-0.1985356071965918,-0.19640912602024443,-0.20064912977662952,-0.19268430491586672,-0.18433777496976284,-0.19344005576867793,-0.17968818600548603,-0.19522893456880444,-0.2053062179145931,-0.19837220593046256,-0.17505834373276719,-0.19260662975517412,-0.19664185213555235,-0.21124574178858552,-0.1997673670812744,-0.21062759012642185,-0.2034346478206025,-0.20633890424886273,-0.1949163039113948,-0.19912374687278817,-0.1882343565539306,-0.1811699044694994,-0.19074420896107105,-0.20598703537581217,-0.19822039019419507,-0.19508728021869903,-0.19736178995623982,-0.19038355098619336,-0.1947266746351011,-0.17888629553581095,-0.23071341408423562,-0.20426975661715416,-0.1977095315802312,-0.2037420295533574,-0.1863694001899658,-0.1953814857917783,-0.18233641437327572,-0.19735854904439448,-0.1580441436526032,-0.1912169718925138,-0.1948531925205139,-0.1906108348336627
