batch_num,round_num,gini_coefficient_num_words,gini_coefficient_num_chars,average_message_count,std_message_count,average_word_count,std_word_count,max_messages,min_messages,max_words,min_words
26qvN26uKSbi4YagB,449jDgtx63i5j9RcP,0.0,0.0,2.0,0.0,10.0,0.0,2,2,10,10
2LB5TwGc9RqGmNGRh,pMY7JBiHvm9w2ipwf,0.0,0.0,2.0,0.0,5.0,0.0,2,2,5,5
2NmZsqGiBSjj6MWqS,drtr2Yh4eXzFxRjn4,0.0,0.0,2.0,0.0,12.0,0.0,2,2,12,12
3NEkAaBTcobd7xXd6,5KcKREeNojiCixYq8,0.0,0.0,1.0,0.0,1.0,0.0,1,1,1,1
3NEkAaBTcobd7xXd6,KGgiHTvnwQJhdPa5S,0.0,0.0,1.0,0.0,4.0,0.0,1,1,4,4
3NEkAaBTcobd7xXd6,WkeeXETbyJZMfMy9o,0.3076923076923077,0.31746031746031744,2.5,0.5,13.0,8.0,3,2,21,5
3NEkAaBTcobd7xXd6,w842apd6QbEDEqaTv,0.19444444444444445,0.18518518518518517,3.0,0.0,18.0,7.0,3,3,25,11
3PvBH3xydmyRqpzvj,JvQPyTbRJ8ka4krAo,0.0,0.0,1.0,0.0,9.0,0.0,1,1,9,9
3PvBH3xydmyRqpzvj,KyugQp5478r9KqohR,0.0,0.0,1.0,0.0,2.0,0.0,1,1,2,2
3PvBH3xydmyRqpzvj,L3mJzrAzTB9Eb8c7s,0.0,0.0,2.0,0.0,7.0,0.0,2,2,7,7
3PvBH3xydmyRqpzvj,YeeX8CP92edtHgMo9,0.0,0.0,1.0,0.0,4.0,0.0,1,1,4,4
3bZEGD6zDerRWB6fH,3uPao3ajgXuw5K3z9,0.34942528735632183,0.3506243996157541,5.666666666666667,2.494438257849294,48.333333333333336,31.626290048347787,9,3,82,6
3bZEGD6zDerRWB6fH,EmytadvHDyKNrTEAL,0.18803418803418803,0.1685823754789272,2.6666666666666665,0.4714045207910317,13.0,4.546060565661952,3,2,18,7
3bZEGD6zDerRWB6fH,KybmoMbox5mfZjQyc,0.11627906976744186,0.13457281983178399,10.333333333333334,3.7712361663282534,57.333333333333336,12.81492185782739,13,5,75,45
3bZEGD6zDerRWB6fH,MstqKw3sj6SJBJKfw,0.29304029304029305,0.3198090692124105,7.333333333333333,2.0548046676563256,30.333333333333332,17.613126418163876,10,5,55,15
3bZEGD6zDerRWB6fH,gSNZTzM6mETzkioAa,0.09009009009009009,0.06896551724137931,8.666666666666666,2.8674417556808756,61.666666666666664,10.656244908763853,12,5,72,47
4ZNhAxxqyw2w3JK5D,D7Ta69oevSrEokay4,0.36036036036036034,0.3780487804878049,6.666666666666667,3.2998316455372216,49.333333333333336,33.993463423951894,11,3,96,16
4ZNhAxxqyw2w3JK5D,LQ3tA4xJN9FE226eW,0.34285714285714286,0.3862788963460104,4.666666666666667,2.357022603955158,35.0,24.779023386727733,8,3,70,16
4pfDe37RMvMTeNyyx,3J3e2KnDcLRdETaHL,0.0,0.0,2.0,0.0,19.0,0.0,2,2,19,19
5BXyZCbxhyecRKJBX,Fx24RmKKX2T6H3fKY,0.2982456140350877,0.2927689594356261,2.0,0.816496580927726,12.666666666666666,6.944222218666553,3,1,21,4
5BXyZCbxhyecRKJBX,WMdtofXa8GBfQpyof,0.0,0.0,1.0,0.0,2.0,0.0,1,1,2,2
5BXyZCbxhyecRKJBX,nghhTxYgRQgsvC6jy,0.0,0.0,2.0,0.0,8.0,0.0,2,2,8,8
5BXyZCbxhyecRKJBX,sPSfuJS3ezthJt9DZ,0.0,0.0,2.0,0.0,4.0,0.0,2,2,4,4
5DhcezxNKagYNQ7G8,8TAYpguCaBustM9Jy,0.45925925925925926,0.43727598566308246,4.0,2.943920288775949,15.0,13.140268896284683,8,1,33,2
5DhcezxNKagYNQ7G8,Ft3E5DHduLXN523xn,0.5277777777777778,0.5476190476190477,4.666666666666667,5.185449728701348,16.0,17.048949136725895,12,1,40,2
5DhcezxNKagYNQ7G8,GLM6B5Q38vxPaMp9L,0.4090909090909091,0.4056603773584906,3.5,1.5,11.0,9.0,5,2,20,2
5DhcezxNKagYNQ7G8,MNrkXRoqFF5vhPjk9,0.5376344086021505,0.5060827250608273,3.6666666666666665,3.091206165165235,10.333333333333334,11.785113019775793,8,1,27,2
5DhcezxNKagYNQ7G8,cuym3bAzhsZu3t4ZH,0.16666666666666666,0.25,1.0,0.0,1.5,0.5,1,1,2,1
6XZss3jqLimhGLCmh,7HmK3zAAEWHtLkvw8,0.3333333333333333,0.30687830687830686,1.6666666666666667,0.4714045207910317,9.333333333333334,5.792715732327589,2,1,17,3
6XZss3jqLimhGLCmh,KSMFYwuv5cxfPadAw,0.24242424242424243,0.2222222222222222,3.6666666666666665,1.247219128924647,18.333333333333332,8.178562764256865,5,2,28,8
6XZss3jqLimhGLCmh,Z4ELk2qk3tkHPZjbq,0.0851063829787234,0.0819277108433735,4.0,0.816496580927726,31.333333333333332,5.2493385826745405,5,3,36,24
6XZss3jqLimhGLCmh,c6biG65qtrkEcnvTQ,0.007751937984496124,0.0069084628670120895,7.333333333333333,0.9428090415820634,28.666666666666668,0.4714045207910317,8,6,29,28
6XZss3jqLimhGLCmh,uCkuZSZMPZnfs5c9y,0.3333333333333333,0.3492063492063492,4.333333333333333,0.4714045207910317,30.0,19.026297590440446,5,4,56,11
6seg5YY9TJdxrBX2j,EuWuzELJ85gCRJ7iG,0.4230769230769231,0.43333333333333335,2.0,1.0,6.5,5.5,3,1,12,1
6seg5YY9TJdxrBX2j,erwChxjEYAh5fjonG,0.0,0.0,1.0,0.0,3.0,0.0,1,1,3,3
6seg5YY9TJdxrBX2j,szSjfCAvhpE7myHmN,0.0,0.03164556962025317,1.5,0.5,17.0,0.0,2,1,17,17
6zRJefdcGr4fMssj3,J9GPQEfAgSEKrHiau,0.23809523809523808,0.26262626262626265,1.6666666666666667,0.4714045207910317,4.666666666666667,2.0548046676563256,2,1,7,2
6zRJefdcGr4fMssj3,SsyK76J46L5BDxLp2,0.2222222222222222,0.26851851851851855,2.0,0.0,6.0,2.8284271247461903,2,2,8,2
6zRJefdcGr4fMssj3,kKPb27pvJk9Bcz7rw,0.0,0.0,1.0,0.0,8.0,0.0,1,1,8,8
6zRJefdcGr4fMssj3,kYD9hKq5iGKpk4mCm,0.0,0.0,1.0,0.0,3.0,0.0,1,1,3,3
6zRJefdcGr4fMssj3,upbySoDsAXzZAGF9N,0.3333333333333333,0.4,1.0,0.0,3.0,2.0,1,1,5,1
6zhqfetmB7PrJKGeJ,5eHTs4csHv7q2cYmm,0.21428571428571427,0.1897810218978102,2.3333333333333335,1.247219128924647,9.333333333333334,4.027681991198191,4,1,15,6
6zhqfetmB7PrJKGeJ,EmwMPye6mvFKZBqEm,0.48148148148148145,0.46825396825396826,2.0,1.4142135623730951,6.0,5.715476066494082,4,1,14,1
6zhqfetmB7PrJKGeJ,KA7tpqN2LBub877N7,0.2318840579710145,0.25396825396825395,2.3333333333333335,0.4714045207910317,7.666666666666667,3.7712361663282534,3,2,13,5
6zhqfetmB7PrJKGeJ,REWg2goYTJzGG7jy9,0.05555555555555555,0.10975609756097561,1.0,0.0,4.5,0.5,1,1,5,4
6zhqfetmB7PrJKGeJ,WQZj6jFQazPJJ23WW,0.0,0.015151515151515152,1.0,0.0,4.0,0.0,1,1,4,4
7RJc435tuN52XXG8M,sf4si4skCuF4GkdBv,0.0380952380952381,0.052478134110787174,4.333333333333333,1.247219128924647,23.333333333333332,1.699673171197595,6,3,25,21
7ZfYLBdJsgrS5ZrH8,DnrigE6QmfjEnSbXA,0.0,0.0,1.0,0.0,7.0,0.0,1,1,7,7
7dGY8nZDsoDHqHekP,DeTqWSxu6uvncJjxP,0.0,0.0,1.0,0.0,12.0,0.0,1,1,12,12
7gTGshysKRBc4KE8A,Dja2crpoZiDxYPQy4,0.4583333333333333,0.45454545454545453,4.0,3.0,24.0,22.0,7,1,46,2
7gTGshysKRBc4KE8A,LsJNRoHceqbfDmup7,0.1595744680851064,0.18018018018018017,8.0,2.0,47.0,15.0,10,6,62,32
7gTGshysKRBc4KE8A,eNks2TNjdypXBWESR,0.2777777777777778,0.3157894736842105,1.0,0.0,4.5,2.5,1,1,7,2
7gTGshysKRBc4KE8A,pQiCuhrcKHLPEjbuc,0.19047619047619047,0.20689655172413793,1.3333333333333333,0.4714045207910317,4.666666666666667,1.699673171197595,2,1,7,3
7gTGshysKRBc4KE8A,z8sHciJP6eNuCJPyt,0.16666666666666666,0.14347826086956522,5.0,1.0,24.0,8.0,6,4,32,16
8S5TWcSwm3HEgT4Di,6F7JZXEEic5y8YbmB,0.36363636363636365,0.4065040650406504,1.0,0.0,3.6666666666666665,2.494438257849294,1,1,7,1
8S5TWcSwm3HEgT4Di,HsXJCs4Zk7TzDaSuE,0.22695035460992907,0.22535211267605634,3.0,0.816496580927726,15.666666666666666,6.79869268479038,4,2,25,9
8S5TWcSwm3HEgT4Di,mPRETtrrYWS4MEzgC,0.16666666666666666,0.20512820512820512,2.6666666666666665,0.4714045207910317,8.0,2.8284271247461903,3,2,10,4
8S5TWcSwm3HEgT4Di,oMGqXXs2eBoy2SGvf,0.0,0.0,1.0,0.0,2.0,0.0,1,1,2,2
9BrHHrWAjoruPfs2b,SFbGtYt6pa3zS5kch,0.0,0.07446808510638298,2.0,0.0,6.0,0.0,2,2,6,6
9FhFrT5t4zhv4w9tt,WYcbfbYK9iduE6PWM,0.1,0.14102564102564102,1.5,0.5,5.0,1.0,2,1,6,4
9TrCw6BHa5CbJZbv9,AcMoc4tR6K2ATLMur,0.42735042735042733,0.4389233954451346,4.0,2.160246899469287,13.0,10.23067283548187,6,1,26,1
9TrCw6BHa5CbJZbv9,fD3amYdiMEDqrFQCn,0.0,0.0,1.0,0.0,1.0,0.0,1,1,1,1
9TrCw6BHa5CbJZbv9,hntYdryardSPFQe6i,0.0,0.07142857142857142,1.0,0.0,1.0,0.0,1,1,1,1
9TrCw6BHa5CbJZbv9,kDctTF9YnS8mf9BYx,0.35714285714285715,0.3709677419354839,1.0,0.0,3.5,2.5,1,1,6,1
9TrCw6BHa5CbJZbv9,xoXCvyLaJq8TnjMvb,0.2807017543859649,0.2551440329218107,1.3333333333333333,0.4714045207910317,6.333333333333333,3.39934634239519,2,1,11,3
9cKyqnEZC9aWgPb79,4JW9zmrtdvgL7TpNF,0.20833333333333334,0.23708206686930092,7.666666666666667,1.8856180831641267,26.666666666666668,10.208928554075703,9,5,39,14
9cKyqnEZC9aWgPb79,7rMj2AMtxryn8u7Bv,0.13930348258706468,0.17421602787456447,6.333333333333333,3.299831645537222,22.333333333333332,5.792715732327588,11,4,30,16
9cKyqnEZC9aWgPb79,dM95hqWhufQcz4sM2,0.15625,0.2244668911335578,3.6666666666666665,0.4714045207910317,21.333333333333332,6.128258770283411,4,3,29,14
9cKyqnEZC9aWgPb79,e4qXYyJYL3k5sNfta,0.3365695792880259,0.31834403997144894,4.666666666666667,4.4969125210773475,34.333333333333336,23.837412238374835,11,1,68,16
9cKyqnEZC9aWgPb79,njd3dJ5G9X6J8Gu3o,0.17647058823529413,0.2181208053691275,3.0,0.0,17.0,6.0,3,3,23,11
9qwiFFvNJE6vQg64K,krYxXzfcqdhzdgzz9,0.25,0.30303030303030304,1.0,0.0,2.6666666666666665,1.247219128924647,1,1,4,1
9qwiFFvNJE6vQg64K,pi3xrPkgqbJ7nvSYD,0.25,0.23049645390070922,1.0,0.0,14.0,7.0,1,1,21,7
9qwiFFvNJE6vQg64K,sLMGzdmGjsdQTZ2Wb,0.0,0.0,1.0,0.0,4.0,0.0,1,1,4,4
9qwiFFvNJE6vQg64K,xqXDiqu6FqbKQrDaJ,0.16666666666666666,0.19369369369369369,1.0,0.0,10.5,3.5,1,1,14,7
A4qCFBAHXsm4NpENw,YSYMvitKwHEziS2k4,0.45,0.4506172839506173,2.0,1.0,10.0,9.0,3,1,19,1
A4qCFBAHXsm4NpENw,ZSM42zrTchdZqmGSv,0.0,0.0,1.0,0.0,2.0,0.0,1,1,2,2
A4qCFBAHXsm4NpENw,gjHSheN5hpkNxhyQS,0.0,0.0,1.0,0.0,4.0,0.0,1,1,4,4
AH4SkjJHXWfa2o28x,DFHzbaZemtimMqayq,0.05555555555555555,0.1,1.0,0.0,4.5,0.5,1,1,5,4
AH4SkjJHXWfa2o28x,cSkKdWgxmwPxtZCCX,0.0,0.0,2.0,0.0,23.0,0.0,2,2,23,23
AH4SkjJHXWfa2o28x,ki5iasw2BpirgrME9,0.3333333333333333,0.4077669902912621,2.0,1.4142135623730951,8.0,5.0990195135927845,4,1,13,1
AH4SkjJHXWfa2o28x,wAkgygkXekvcDEGcD,0.0,0.0,1.0,0.0,6.0,0.0,1,1,6,6
AYpbL7Ymhk2KXtT2e,Djp52bmGrpC4ApJkj,0.13333333333333333,0.13636363636363635,1.6666666666666667,0.4714045207910317,3.3333333333333335,0.9428090415820634,2,1,4,2
AYpbL7Ymhk2KXtT2e,iuJ2btvwm2JGdg5Ww,0.3218390804597701,0.32558139534883723,3.0,0.816496580927726,9.666666666666666,6.018490028422597,4,2,18,4
AYpbL7Ymhk2KXtT2e,j9GiZ4fjvjoZeyNGy,0.0,0.0,1.0,0.0,5.0,0.0,1,1,5,5
AYpbL7Ymhk2KXtT2e,mH9Gunf8JqxkFHRrW,0.0,0.0,1.0,0.0,2.0,0.0,1,1,2,2
AYpbL7Ymhk2KXtT2e,qXoZa5CuzQXFn4rZb,0.4666666666666667,0.5128205128205128,1.0,0.0,3.3333333333333335,3.2998316455372216,1,1,8,1
B4gk9MER8FAERZvBi,WLopsZpznMsK4Y254,0.0,0.0,1.0,0.0,1.0,0.0,1,1,1,1
B4gk9MER8FAERZvBi,h6gGsepJ5djfxCoWC,0.0,0.0,1.0,0.0,1.0,0.0,1,1,1,1
B4gk9MER8FAERZvBi,vM8SsRiq53NC68o5v,0.4,0.45098039215686275,1.6666666666666667,0.4714045207910317,5.0,3.7416573867739413,2,1,10,1
C48peJSzquNCHsKSv,8m7bMTXhQH8pEEMfP,0.345679012345679,0.3502824858757062,1.6666666666666667,0.4714045207910317,9.0,5.715476066494082,2,1,16,2
C48peJSzquNCHsKSv,AC8SuSFZnSfst3Bvx,0.16666666666666666,0.20283370618941088,4.666666666666667,1.8856180831641267,33.333333333333336,10.96458946893235,6,2,43,18
C48peJSzquNCHsKSv,e7uDqY9mpTEZH5Q2b,0.42962962962962964,0.463768115942029,1.3333333333333333,0.4714045207910317,15.0,12.027745701779143,2,1,31,2
C48peJSzquNCHsKSv,oKguEirgCoNgfWsxf,0.1794871794871795,0.1738241308793456,3.6666666666666665,1.247219128924647,26.0,9.273618495495704,5,2,34,13
C48peJSzquNCHsKSv,ogdaMhvwQDuX2jFnM,0.05,0.07303370786516854,2.0,0.0,10.0,1.0,2,2,11,9
CNuGGjKQu5AmJxsyE,DuA8cvRcmCyeSPCwL,0.19230769230769232,0.24074074074074073,1.5,0.5,6.5,2.5,2,1,9,4
CNuGGjKQu5AmJxsyE,mgSMun8tjsmyPkd9u,0.375,0.3974358974358974,1.0,0.0,4.0,3.0,1,1,7,1
CbNrfCcSKnAYS26ij,yp4DrrpG2ZbtCyMzi,0.0,0.0,1.0,0.0,5.0,0.0,1,1,5,5
CxPbZzvoZwQqnzD6a,GRAnYaDB9MCE7PS2p,0.30952380952380953,0.30739673390970224,3.3333333333333335,1.8856180831641267,28.0,18.384776310850235,6,2,54,15
CxPbZzvoZwQqnzD6a,NBkZWNdNtSpX7keCB,0.27450980392156865,0.2767857142857143,1.6666666666666667,0.4714045207910317,17.0,8.831760866327848,2,1,26,5
CxPbZzvoZwQqnzD6a,Rk4QpxCfLff9CC7yL,0.19047619047619047,0.16296296296296298,1.0,0.0,7.0,2.8284271247461903,1,1,9,3
CxPbZzvoZwQqnzD6a,ZsG3MTPeZ22ouYGc4,0.46153846153846156,0.4880952380952381,1.3333333333333333,0.4714045207910317,4.333333333333333,4.0276819911981905,2,1,10,1
CxPbZzvoZwQqnzD6a,ed4GpjfPGjGRK5gMu,0.3466666666666667,0.35384615384615387,1.6666666666666667,0.4714045207910317,8.333333333333334,5.312459150169743,2,1,15,2
D7NijsxJXGmfgc8yZ,Y2g9Mw86mognQ7t26,0.0,0.0,1.0,0.0,4.0,0.0,1,1,4,4
D7NijsxJXGmfgc8yZ,cnCoug7uXgXcfYJf6,0.0,0.0,1.5,0.5,3.0,0.0,2,1,3,3
D7NijsxJXGmfgc8yZ,sHuqtq8FKhpgR5RsH,0.2638888888888889,0.2898550724637681,4.0,2.449489742783178,16.0,8.04155872120988,7,1,24,5
D7NijsxJXGmfgc8yZ,vZEzGQwBPuLZuQqrY,0.048109965635738834,0.10717100078802207,7.0,0.816496580927726,32.333333333333336,3.299831645537222,8,6,37,30
D7NijsxJXGmfgc8yZ,xtLGLCzWRL9WqMqwx,0.16666666666666666,0.13636363636363635,1.0,0.0,1.5,0.5,1,1,2,1
DFb5NeGPXW4XJz9Fd,4RpZtrSQd8LTbBZdX,0.0,0.0,1.0,0.0,2.0,0.0,1,1,2,2
DFb5NeGPXW4XJz9Fd,MYahyCzjs9NDpzWJb,0.48484848484848486,0.503030303030303,1.6666666666666667,0.9428090415820634,7.333333333333333,6.944222218666553,3,1,17,1
DZhTYubrc28pvNN85,9QE5bCP9JcQkq7R2t,0.0,0.0,1.0,0.0,2.0,0.0,1,1,2,2
DZhTYubrc28pvNN85,QCbXfWJbMvqXLDiNZ,0.0,0.0,2.0,0.0,11.0,0.0,2,2,11,11
Dk8bqRewPp4qxPpQ8,F4XJyEChc7hmTBJRi,0.2909090909090909,0.3205619412515964,3.0,1.632993161855452,36.666666666666664,19.61858529274955,5,1,60,12
Dk8bqRewPp4qxPpQ8,RnqKRoqJpsEDgWirP,0.08602150537634409,0.10038610038610038,4.0,0.0,20.666666666666668,3.39934634239519,4,4,24,16
Dk8bqRewPp4qxPpQ8,YRe8qHchSrYtMFPnP,0.09523809523809523,0.1,5.0,2.160246899469287,23.333333333333332,4.109609335312651,8,3,28,18
Dk8bqRewPp4qxPpQ8,sqW7bCoTQzJFmd2GE,0.2943722943722944,0.29590017825311943,3.6666666666666665,1.8856180831641267,25.666666666666668,13.888444437333106,5,1,43,9
Dk8bqRewPp4qxPpQ8,zoLRWMMg4QAEfrBP2,0.3484848484848485,0.36585365853658536,4.0,2.160246899469287,29.333333333333332,19.48218559493661,7,2,56,10
DmqwwMteZnGZkF63L,WTw6o3EjZoeNiMZXd,0.20408163265306123,0.1976284584980237,2.0,0.816496580927726,16.333333333333332,6.847546194724712,3,1,26,11
ESdaAtXRQ85ZWsMs6,2ircwo6kgMRZ9wzQA,0.6091954022988506,0.6084656084656085,2.0,1.4142135623730951,19.333333333333332,24.526629518862872,4,1,54,1
ESdaAtXRQ85ZWsMs6,4TZumXHqtEdnqWFdn,0.0,0.0,2.0,0.0,7.0,0.0,2,2,7,7
ESdaAtXRQ85ZWsMs6,Yhm2b4fRayg8AsFvh,0.0,0.0,2.0,0.0,13.0,0.0,2,2,13,13
ESdaAtXRQ85ZWsMs6,rGHYsKGRr8pikKmce,0.0,0.0,1.0,0.0,8.0,0.0,1,1,8,8
FS4nBypwE8eCpRGS4,2caeCMjjBumerNTin,0.016129032258064516,0.01079136690647482,3.5,0.5,15.5,0.5,4,3,16,15
FS4nBypwE8eCpRGS4,uRkySCjcc2orZxu7T,0.0,0.0,1.0,0.0,2.0,0.0,1,1,2,2
Fiz6732dWmTqjQREe,5a3auqSrKpvCGitQg,0.0,0.0,1.0,0.0,1.0,0.0,1,1,1,1
Fiz6732dWmTqjQREe,D3bkvwgtxbjh6yyop,0.0,0.0,1.0,0.0,1.0,0.0,1,1,1,1
Fiz6732dWmTqjQREe,PhiYtRBT82DHS7tna,0.0,0.0,1.0,0.0,1.0,0.0,1,1,1,1
Fiz6732dWmTqjQREe,Y3HcFFh5Feo58GXgY,0.0,0.0,1.0,0.0,1.0,0.0,1,1,1,1
Fiz6732dWmTqjQREe,pj6d7NNuK4rYJRraP,0.0,0.0,1.0,0.0,1.0,0.0,1,1,1,1
GMNnDesuz73xzfkBW,4EgoFKweZmo9LJvWD,0.3148148148148148,0.2840909090909091,2.0,0.816496580927726,12.0,7.2571803523590805,3,1,22,5
GMNnDesuz73xzfkBW,CiuSu3Dq7vCiBiNWM,0.23809523809523808,0.26291079812206575,1.0,0.0,4.666666666666667,2.0548046676563256,1,1,7,2
GMNnDesuz73xzfkBW,Q7XHS3tG2bM7HPSQ5,0.0,0.0,1.0,0.0,4.0,0.0,1,1,4,4
GhSNFmCpuCXQK6j4z,WyDqPTQQLMKcve8mT,0.0,0.0,3.0,0.0,12.0,0.0,3,3,12,12
GhSNFmCpuCXQK6j4z,ZRFbARZrHpQTAwtjn,0.0,0.0,3.0,0.0,6.0,0.0,3,3,6,6
GhSNFmCpuCXQK6j4z,hruRTk6g2urL9acPX,0.029411764705882353,0.07352941176470588,3.0,1.0,8.5,0.5,4,2,9,8
GhSNFmCpuCXQK6j4z,yPM8FmNX9A9oXgACJ,0.0,0.0,1.0,0.0,2.0,0.0,1,1,2,2
H8ouiA28zPd3j89ZZ,K2wyBhcNMTtJBegsc,0.26,0.22131147540983606,3.0,1.0,12.5,6.5,4,2,19,6
H8ouiA28zPd3j89ZZ,fGRhc95TJzJd42MKP,0.0,0.19230769230769232,1.0,0.0,1.0,0.0,1,1,1,1
HBtGEcgZMP4tFotwC,9TiZ5aYsb9WYW4D4o,0.38666666666666666,0.3475783475783476,3.3333333333333335,1.699673171197595,16.666666666666668,12.498888839501783,5,1,34,5
HBtGEcgZMP4tFotwC,9cDkpXKfvqYQxeBPn,0.2764227642276423,0.33978494623655914,4.0,0.816496580927726,13.666666666666666,7.039570693980959,5,3,23,6
HBtGEcgZMP4tFotwC,S22upbpjjJLDWocP4,0.25,0.2692307692307692,1.5,0.5,2.0,1.0,2,1,3,1
HBtGEcgZMP4tFotwC,bcFQWm8B6vQSZtzyT,0.17204301075268819,0.2153846153846154,3.3333333333333335,2.0548046676563256,10.333333333333334,3.7712361663282534,6,1,13,5
HBtGEcgZMP4tFotwC,hJr4WX2LJH2BPG78m,0.25,0.2857142857142857,4.0,2.0,4.0,2.0,6,2,6,2
HtorwZi9GzBggh8ZY,C6QjLdtNeXWJ5qoAg,0.0,0.08823529411764706,1.0,0.0,2.0,0.0,1,1,2,2
HtorwZi9GzBggh8ZY,wPvbFL2LaamNsmDqE,0.0,0.0,1.0,0.0,4.0,0.0,1,1,4,4
HtorwZi9GzBggh8ZY,ywqzDpMnu72n4rgQY,0.0,0.0,1.0,0.0,1.0,0.0,1,1,1,1
JARCo7Saq8sYuGrzv,KnwKzn3nSH3fegJPG,,,1.0,0.0,0.0,0.0,1,1,0,0
JARCo7Saq8sYuGrzv,tsW57Hb4fwquJHeAE,0.0,0.0,1.0,0.0,4.0,0.0,1,1,4,4
JMdXwPkReK8uw23sA,B6khYk7hRKRopEyvw,0.0,0.0,1.0,0.0,15.0,0.0,1,1,15,15
JMdXwPkReK8uw23sA,J4R7jf34b2s8AtZsP,0.0,0.0,1.0,0.0,3.0,0.0,1,1,3,3
JMdXwPkReK8uw23sA,KYBAw5rcYDBxg9TMC,0.2,0.18686868686868688,1.0,0.0,10.0,4.0,1,1,14,6
JQCRWnLwRyXET886g,HHJEDdasRgMPPmsw5,0.36363636363636365,0.35213675213675216,3.0,1.632993161855452,14.666666666666666,10.077477638553983,5,1,25,1
JQCRWnLwRyXET886g,t3sCwYKJ7Fy69C5yX,0.0,0.0,1.0,0.0,4.0,0.0,1,1,4,4
JTK3CXZxkk5EaGCNi,4gyhsRr9Tsd4uNHuH,0.0,0.0,1.0,0.0,5.0,0.0,1,1,5,5
JTK3CXZxkk5EaGCNi,8rwvgJ4o2nWL96q8f,0.42857142857142855,0.4552238805970149,1.5,0.5,7.0,6.0,2,1,13,1
JTK3CXZxkk5EaGCNi,FyZSyQTXmqupbEXfc,0.0,0.0,1.0,0.0,3.0,0.0,1,1,3,3
JTK3CXZxkk5EaGCNi,PvHmncLCyso2bn8Pe,0.41975308641975306,0.45588235294117646,1.6666666666666667,0.4714045207910317,9.0,6.97614984548545,2,1,18,1
JTK3CXZxkk5EaGCNi,qP9GSv5izbNW9XACs,0.19791666666666666,0.22519509476031216,3.3333333333333335,0.4714045207910317,21.333333333333332,7.93025150224688,4,3,32,13
K9WAmzrzuEuPdF5DQ,e55ZYT7Dssmu4PPY2,0.125,0.11320754716981132,2.5,0.5,12.0,3.0,3,2,15,9
K9WAmzrzuEuPdF5DQ,nFvvWKJFEoLHgNcL3,0.3,0.34210526315789475,1.0,0.0,2.5,1.5,1,1,4,1
K9WAmzrzuEuPdF5DQ,pP8Y6JSAx9TGqYtvr,0.16666666666666666,0.058823529411764705,1.0,0.0,4.5,1.5,1,1,6,3
LJxar4u45ioBdcbCo,jJgG4hENWYPBPxWW8,0.3333333333333333,0.2692307692307692,1.0,0.0,3.0,2.0,1,1,5,1
LTTsGci3ufgn6pENp,CWB38rQM4FCtG7Ckp,0.045454545454545456,0.041666666666666664,1.0,0.0,5.5,0.5,1,1,6,5
LTTsGci3ufgn6pENp,kwibsAHyDoNHxzfkQ,0.3888888888888889,0.36486486486486486,1.5,0.5,4.5,3.5,2,1,8,1
LmhokPLqkh5orMi7R,2qQnNubASF2C8MS9p,0.08620689655172414,0.1062992125984252,3.0,1.0,14.5,2.5,4,2,17,12
LmhokPLqkh5orMi7R,6qeoQSXr6zuK4sEEM,0.38095238095238093,0.4229390681003584,2.3333333333333335,1.247219128924647,7.0,5.656854249492381,4,1,15,3
LmhokPLqkh5orMi7R,STwkBGvtkpD92FonY,0.375,0.3484848484848485,1.0,0.0,4.0,3.0,1,1,7,1
LmhokPLqkh5orMi7R,isFNQFi5XkpSRAv4h,0.3181818181818182,0.2916666666666667,2.0,1.0,5.5,3.5,3,1,9,2
LmhokPLqkh5orMi7R,nbxYka2TDJjG57kk4,0.25,0.38235294117647056,1.0,0.0,2.0,1.0,1,1,3,1
M4brsQdh3xGkbdPhy,3ry24WmPbfhrHytHQ,0.3888888888888889,0.38571428571428573,1.5,0.5,4.5,3.5,2,1,8,1
M4brsQdh3xGkbdPhy,ZYjv3M476bgcG6yip,0.3,0.29,2.5,0.5,12.5,7.5,3,2,20,5
M4brsQdh3xGkbdPhy,iAJcRiSEB6qy9QEtB,0.0,0.0,2.0,0.0,6.0,0.0,2,2,6,6
M4brsQdh3xGkbdPhy,tZcH3s9hYvZxE5bXu,0.23622047244094488,0.22448979591836735,7.333333333333333,3.39934634239519,42.333333333333336,18.624953392931992,12,4,67,22
M4brsQdh3xGkbdPhy,xa6KMDdYurvumurjY,0.2682926829268293,0.23132969034608378,4.333333333333333,1.247219128924647,27.333333333333332,15.3260852434302,6,3,49,16
M66ZsgyBoEo7HtaKS,dW5vuwq5qGhFvY2ps,0.21505376344086022,0.17316017316017315,3.6666666666666665,0.4714045207910317,10.333333333333334,4.189935029992179,4,3,16,6
M66ZsgyBoEo7HtaKS,ePx6Ln66pCXW528p3,0.25870646766169153,0.25675675675675674,6.333333333333333,2.8674417556808756,22.333333333333332,11.61416759345623,10,3,32,6
M66ZsgyBoEo7HtaKS,kkCGtup7jQL2wmuLy,0.10869565217391304,0.15295095594347466,6.666666666666667,0.9428090415820634,30.666666666666668,6.342099196813483,8,6,37,22
M66ZsgyBoEo7HtaKS,snEWKz4aqGso5HE2n,0.18867924528301888,0.20378457059679767,5.0,0.816496580927726,35.333333333333336,12.39175353029407,6,4,49,19
M66ZsgyBoEo7HtaKS,z7JBatpKqAnWGnqo2,0.2153846153846154,0.2623138602520046,7.333333333333333,1.247219128924647,43.333333333333336,17.46106780494506,9,6,62,20
M7ARP6T5CsmtjMQhA,Lkn6nxcrKRj9kMEpu,0.4444444444444444,0.4647058823529412,2.0,1.0,9.0,8.0,3,1,17,1
M7ARP6T5CsmtjMQhA,hptiad56PJJYRgPTC,0.0,0.0,1.0,0.0,1.0,0.0,1,1,1,1
Nj643GoiC5552yttR,ZHsr94asA9S8JkT4T,0.0,0.0,1.0,0.0,1.0,0.0,1,1,1,1
Ntrratiebem3gmFGx,hpjaX5fvB4nZDgaKQ,0.03571428571428571,0.01875,1.5,0.5,14.0,1.0,2,1,15,13
PFr3iEreaHjxAeewT,vtr5hEavN6pCjhpyN,0.13157894736842105,0.1303030303030303,3.0,0.0,19.0,5.0,3,3,24,14
PY5hDCvzLnFkizGgr,2Afxu638QhWaApQNr,0.16666666666666666,0.3333333333333333,1.3333333333333333,0.4714045207910317,1.3333333333333333,0.4714045207910317,2,1,2,1
PY5hDCvzLnFkizGgr,BHx5fMi9ZLL8LDLdF,0.26666666666666666,0.4444444444444444,1.3333333333333333,0.4714045207910317,1.6666666666666667,0.9428090415820634,2,1,3,1
PY5hDCvzLnFkizGgr,G6BE6FdRvrpPR9YZ5,0.05,0.03571428571428571,3.5,0.5,10.0,1.0,4,3,11,9
PY5hDCvzLnFkizGgr,gJxfeevWyn35fieti,0.16666666666666666,0.3333333333333333,1.3333333333333333,0.4714045207910317,1.3333333333333333,0.4714045207910317,2,1,2,1
PY5hDCvzLnFkizGgr,qNEErqPDWJagwFsYn,0.30303030303030304,0.36507936507936506,2.3333333333333335,0.4714045207910317,3.6666666666666665,2.3570226039551585,3,2,7,2
PbrugdJcYwjf2Jhhz,DbnzZDFpKi6X2r8L6,0.07352941176470588,0.08917197452229299,7.5,1.5,34.0,5.0,9,6,39,29
PbrugdJcYwjf2Jhhz,RPSMRrsk3f44BsxS6,0.16666666666666666,0.2692307692307692,1.0,0.0,1.5,0.5,1,1,2,1
PbrugdJcYwjf2Jhhz,mxgnxYjMopoB4eKbx,0.3488372093023256,0.32957393483709274,6.5,1.5,43.0,30.0,8,5,73,13
PcrfXJ55TE4ce6M7s,5j6z3QKC82Yr8vwA9,0.16666666666666666,0.2647058823529412,1.0,0.0,1.5,0.5,1,1,2,1
PcrfXJ55TE4ce6M7s,WWBkwhdBaoYw8v8Ld,0.20588235294117646,0.225,2.0,1.0,17.0,7.0,3,1,24,10
PcrfXJ55TE4ce6M7s,dmL5oQrqsX8M99iai,0.0,0.0,1.0,0.0,3.0,0.0,1,1,3,3
PhfFxcCBYFtqgAaNa,7Nvar7gf2sJpEyNu2,0.4074074074074074,0.40310077519379844,1.3333333333333333,0.4714045207910317,6.0,4.96655480858378,2,1,13,2
PhfFxcCBYFtqgAaNa,9wRdiK9E8woFivwFd,0.0,0.0,1.0,0.0,2.0,0.0,1,1,2,2
PhfFxcCBYFtqgAaNa,Mm3Bq854CEWkdf8xd,0.0,0.0,1.0,0.0,2.0,0.0,1,1,2,2
QCAR7C5v6K6wzeaKe,3zemxpSqRxuTeCpgQ,0.08333333333333333,0.11403508771929824,2.5,0.5,12.0,2.0,3,2,14,10
QCAR7C5v6K6wzeaKe,837XyC72ba4BGaHMx,0.3305785123966942,0.3333333333333333,4.333333333333333,2.8674417556808756,40.333333333333336,24.499433100017278,8,1,70,10
QCAR7C5v6K6wzeaKe,Dah9YtQJb9jNKrcRt,0.23931623931623933,0.2786596119929453,4.0,0.816496580927726,13.0,5.887840577551898,5,3,19,5
QCAR7C5v6K6wzeaKe,kZZmt3ZtEHSSf7ir2,0.4557823129251701,0.46907630522088356,7.333333333333333,4.784233364802441,32.666666666666664,28.193773938387334,14,3,71,4
QCAR7C5v6K6wzeaKe,yaGzAX927wDygs6bK,0.05172413793103448,0.10550458715596331,5.0,1.0,14.5,1.5,6,4,16,13
QnWA4xXtcp2NikYw7,29XHQyH5C5m6AWR35,0.3333333333333333,0.42857142857142855,1.0,0.0,3.0,2.0,1,1,5,1
QnWA4xXtcp2NikYw7,LER7R7aSxx4XZBFgS,0.0,0.0,1.0,0.0,4.0,0.0,1,1,4,4
QnWA4xXtcp2NikYw7,Z3xdpKJmKcKSD7iF2,0.1360544217687075,0.20920502092050208,2.6666666666666665,1.247219128924647,16.333333333333332,4.109609335312651,4,1,21,11
QnWA4xXtcp2NikYw7,kdyzLgfNKZ4CMHZXE,0.2,0.23684210526315788,1.0,0.0,5.0,2.0,1,1,7,3
R9xCfETGhFjugzoGE,EQ7SPDwdTSR5kx6Gg,0.41025641025641024,0.4249512670565302,2.3333333333333335,1.247219128924647,13.0,9.797958971132712,4,1,25,1
R9xCfETGhFjugzoGE,GjxgDy8BZnZ4Trbqs,0.34615384615384615,0.34444444444444444,3.0,2.0,6.5,4.5,5,1,11,2
R9xCfETGhFjugzoGE,cEyGT8y9cvz2Ed9m8,0.3522012578616352,0.3474576271186441,3.6666666666666665,2.3570226039551585,17.666666666666668,11.897712198383164,7,2,34,6
R9xCfETGhFjugzoGE,o7P7yBeXkLnHBJ7pT,0.11538461538461539,0.030441400304414,4.666666666666667,1.699673171197595,17.333333333333332,4.0276819911981905,7,3,23,14
R9xCfETGhFjugzoGE,qH6v9iHfuRvzkL5Ws,0.11428571428571428,0.10373760488176964,7.333333333333333,1.247219128924647,35.0,7.874007874011811,9,6,46,28
RgWyqXcnpLEqL3T7S,Ny2iGzfMtbbFe5WSW,0.4166666666666667,0.43333333333333335,2.5,1.5,6.0,5.0,4,1,11,1
RgWyqXcnpLEqL3T7S,ReSA8LeLnqYoRkXPJ,0.0,0.25,1.0,0.0,1.0,0.0,1,1,1,1
RgWyqXcnpLEqL3T7S,fMYSuoXJrHjf9SFz2,0.0,0.0,2.0,0.0,12.0,0.0,2,2,12,12
RgWyqXcnpLEqL3T7S,gidCG44PY3BHWgiuQ,0.25,0.3181818181818182,1.5,0.5,2.0,1.0,2,1,3,1
RgWyqXcnpLEqL3T7S,t248kvvFTvJudTHHJ,0.48484848484848486,0.5037037037037037,2.3333333333333335,1.247219128924647,7.333333333333333,6.944222218666553,4,1,17,1
RooFdQzyAyBAqXEjS,w8NzHzFABz4wnkTnn,0.0,0.0,1.0,0.0,5.0,0.0,1,1,5,5
RooFdQzyAyBAqXEjS,yfxymxfFZvXkxaSY8,0.0,0.0,1.0,0.0,3.0,0.0,1,1,3,3
SJu9iRsoMzzDpkqoi,J3XyQ2FWYfmauZJFx,0.0,0.05,1.0,0.0,2.0,0.0,1,1,2,2
Sy6xRCepnkZ5GL4uQ,5G4SKdKq4yvorNHA3,0.23423423423423423,0.28294573643410853,1.6666666666666667,0.4714045207910317,12.333333333333334,5.436502143433363,2,1,18,5
TmfBkkuhaEzkAqXwg,vSnqM577pWJxACGmT,0.2545454545454545,0.28717948717948716,1.0,0.0,18.333333333333332,9.672412085697939,1,1,32,11
W5Gs2jB6vxTsHuzC7,Zvtb9Hm5sqzha9Dja,0.0,0.0,1.0,0.0,8.0,0.0,1,1,8,8
XEMjkxPKYjC2qAoPf,5aWRKsZS3qfuwpFA8,0.38095238095238093,0.40594059405940597,2.0,0.816496580927726,14.0,9.899494936611665,3,1,27,3
XEMjkxPKYjC2qAoPf,7iTiNSmnLtkiRp3qq,0.42857142857142855,0.43010752688172044,1.3333333333333333,0.4714045207910317,4.666666666666667,3.8586123009300755,2,1,10,1
XEMjkxPKYjC2qAoPf,qHcQ88K5XQtYufhrd,0.05555555555555555,0.17647058823529413,1.0,0.0,4.5,0.5,1,1,5,4
XEMjkxPKYjC2qAoPf,uwbRt5DZZmqT7hzFt,0.0,0.0,2.0,0.0,11.0,0.0,2,2,11,11
XMWyzzMm4q6xJ4Jes,DBuriJsakeg3gQsSA,0.4444444444444444,0.5507246376811594,1.6666666666666667,0.4714045207910317,4.0,3.559026084010437,2,1,9,1
YTk8aNnPyaJHWNzky,npBkoFpHAsSueBgGL,0.14492753623188406,0.24358974358974358,1.6666666666666667,0.4714045207910317,7.666666666666667,2.357022603955158,2,1,11,6
ZLuJSsxGeCMTNPsTd,MuiR3v6khqxnrMnHJ,0.0,0.0625,1.0,0.0,2.0,0.0,1,1,2,2
ZLuJSsxGeCMTNPsTd,qYTM8qeYuzzsNDNES,0.0,0.0,1.0,0.0,1.0,0.0,1,1,1,1
ZvHHwJ3i7aATHijPs,6SQGExRMMfY9xasnv,0.25757575757575757,0.2737226277372263,4.5,0.5,16.5,8.5,5,4,25,8
ZvHHwJ3i7aATHijPs,FBMd2hxSKnuiRxN7D,0.3541666666666667,0.4025974025974026,1.6666666666666667,0.9428090415820634,10.666666666666666,8.013876853447538,3,1,22,5
ZvHHwJ3i7aATHijPs,bFfK3GYDQSmFDH82Y,0.5333333333333333,0.5978835978835979,1.6666666666666667,0.4714045207910317,8.333333333333334,8.993825042154695,2,1,21,1
af3GajKxRMTp6XQdT,DouvJgFYWpzGEWATn,0.11382113821138211,0.08375209380234507,1.3333333333333333,0.4714045207910317,13.666666666666666,3.0912061651652345,2,1,18,11
af3GajKxRMTp6XQdT,NwuQa6cxmueMczcaJ,0.0,0.0,1.0,0.0,5.0,0.0,1,1,5,5
af3GajKxRMTp6XQdT,vRS4enAJHreFbee2F,0.25,0.30656934306569344,2.0,0.816496580927726,10.666666666666666,5.436502143433364,3,1,15,3
azKcLGgvmnA3h4qxg,BXWGajWrWJj99Ruug,0.0,0.0,1.0,0.0,3.0,0.0,1,1,3,3
azKcLGgvmnA3h4qxg,zbfop4wdhjJe2uHo3,0.0,0.0,3.0,0.0,8.0,0.0,3,3,8,8
bQdgMGvDpuC55ZDeA,M4C5rfQPWKqHMf6mr,0.41025641025641024,0.4074074074074074,2.3333333333333335,1.247219128924647,4.333333333333333,3.39934634239519,4,1,9,1
bqKpaQmnm3cebKBEi,DqHGPGgLNEqFSNAhH,0.30303030303030304,0.36363636363636365,2.3333333333333335,0.4714045207910317,14.666666666666666,9.428090415820634,3,2,28,8
bqKpaQmnm3cebKBEi,bsPJaDRw8A3aGZmgs,0.22807017543859648,0.23347398030942335,4.0,0.0,38.0,16.30950643030009,4,4,55,16
bqKpaQmnm3cebKBEi,h3uMmTnsQhctQQ8R7,0.060109289617486336,0.06162464985994398,8.333333333333334,0.4714045207910317,40.666666666666664,4.784233364802441,9,8,45,34
bqKpaQmnm3cebKBEi,hmHuSXD29Fo7wodog,0.07317073170731707,0.07450980392156863,5.0,0.0,27.333333333333332,3.681787005729087,5,5,32,23
bqKpaQmnm3cebKBEi,tfpEK7qcyi4zZ4NaT,0.0,0.038461538461538464,1.5,0.5,5.0,0.0,2,1,5,5
c547SZ2g4EJqyA3eg,awaqx96NXmA9nmvB4,0.0,0.0,1.0,0.0,3.0,0.0,1,1,3,3
cYnpDahGnXeuqcEKS,Xtp3vNPkfHgTv6s6H,0.0,0.0,1.0,0.0,3.0,0.0,1,1,3,3
cyNR3aFvkpJNGCTsT,7G2cvAuuQdWgFhe7E,0.38596491228070173,0.40054869684499317,4.0,1.632993161855452,19.0,13.490737563232042,6,2,36,3
cyNR3aFvkpJNGCTsT,7jCXYYdr3dnw9e5Qx,0.30303030303030304,0.30566534914361,5.0,2.160246899469287,22.0,13.490737563232042,8,3,33,3
cyNR3aFvkpJNGCTsT,MfEcq6R9Rcz3KqEcX,0.3111111111111111,0.33925049309664695,4.0,1.632993161855452,15.0,8.602325267042627,6,2,25,4
cyNR3aFvkpJNGCTsT,c9W55KF8JBjFKYgPR,0.4,0.41379310344827586,5.333333333333333,2.8674417556808756,18.333333333333332,13.572848714334889,9,2,36,3
cyNR3aFvkpJNGCTsT,p7QgEvL6ki3rihEyJ,0.20833333333333334,0.1989247311827957,2.5,1.5,12.0,5.0,4,1,17,7
eCSXwq9dx7QPDSq7n,WfKhs2uRu7n6fFy3Z,0.2222222222222222,0.23423423423423423,1.0,0.0,3.0,1.4142135623730951,1,1,4,1
eCSXwq9dx7QPDSq7n,gZHJp548uZyAhWjP2,0.0,0.0,1.0,0.0,4.0,0.0,1,1,4,4
eDY5Wf5XeZJ3qZ77M,5c6GouvpHWWri4pzn,0.0,0.14814814814814814,1.0,0.0,1.0,0.0,1,1,1,1
eDY5Wf5XeZJ3qZ77M,GFb897jZnH5egt2RQ,0.4074074074074074,0.4083333333333333,1.3333333333333333,0.4714045207910317,6.0,4.546060565661952,2,1,12,1
eDY5Wf5XeZJ3qZ77M,cfnrP2idCr7D6aTRD,0.30303030303030304,0.34074074074074073,1.6666666666666667,0.4714045207910317,7.333333333333333,4.4969125210773475,2,1,11,1
eDY5Wf5XeZJ3qZ77M,cx5BXduhb8NG6Lhff,0.11904761904761904,0.09251700680272108,3.0,0.816496580927726,18.666666666666668,4.714045207910316,4,2,22,12
eDY5Wf5XeZJ3qZ77M,iuCq7qQLadLrrh9Eq,0.0,0.0,1.0,0.0,1.0,0.0,1,1,1,1
ebnfZGpNWbSsWncbu,PgJDdihvYnaneKnAT,0.42105263157894735,0.42276422764227645,1.6666666666666667,0.9428090415820634,6.333333333333333,4.988876515698588,3,1,13,1
ezPJ68ha2mrCxD5E6,ZpN7cjdhBu9h9pva9,0.20408163265306123,0.24,4.0,0.816496580927726,16.333333333333332,6.847546194724712,5,3,26,11
ezPJ68ha2mrCxD5E6,gDNJF4enewLaA8Nii,0.10416666666666667,0.11460855528652139,5.0,0.816496580927726,32.0,6.164414002968976,6,4,39,24
ezPJ68ha2mrCxD5E6,jzjFe27pKbWDkKNw5,0.04597701149425287,0.11764705882352941,2.3333333333333335,0.4714045207910317,9.666666666666666,0.9428090415820634,3,2,11,9
ezPJ68ha2mrCxD5E6,mu4EtEyeDTEDsySg2,0.09803921568627451,0.16666666666666666,8.666666666666666,2.494438257849294,34.0,6.48074069840786,12,6,40,25
ezPJ68ha2mrCxD5E6,xDo7PvPmYToHhR5W2,0.3218390804597701,0.3585434173669468,2.0,0.816496580927726,9.666666666666666,5.792715732327589,3,1,16,2
fjSEKfNkoYREkNFEk,6jwDZcsjvMX3yYM87,0.2554112554112554,0.24132730015082957,7.333333333333333,2.8674417556808756,51.333333333333336,24.499433100017278,11,4,84,25
fjSEKfNkoYREkNFEk,8BovRhLgRDjegYK4S,0.2158273381294964,0.23179160021265285,8.333333333333334,0.9428090415820634,46.333333333333336,20.98147330914162,9,7,76,31
fjSEKfNkoYREkNFEk,Ke8ET82CXo2qJE4Ym,0.24358974358974358,0.22713864306784662,4.666666666666667,1.8856180831641267,17.333333333333332,8.178562764256865,6,2,25,6
fjSEKfNkoYREkNFEk,iqN3vbDiKKn7SwNq3,0.12345679012345678,0.09090909090909091,4.333333333333333,1.8856180831641267,18.0,4.08248290463863,7,3,23,13
fjSEKfNkoYREkNFEk,sApu9WkPnWCosQfGq,0.06926406926406926,0.051587301587301584,4.666666666666667,0.9428090415820634,25.666666666666668,3.7712361663282534,6,4,31,23
gErFaYNXwJg88MiiH,9rP8Dtz78W6Sho2yX,0.18468468468468469,0.1792220580994584,8.333333333333334,3.39934634239519,49.333333333333336,18.873850222522755,13,5,76,35
gErFaYNXwJg88MiiH,GxEtuKswGrS5rXqyn,0.2465753424657534,0.24599483204134368,7.0,2.8284271247461903,48.666666666666664,24.997777679003566,11,5,84,30
gErFaYNXwJg88MiiH,WHex6xvaocMZtfH48,0.27053140096618356,0.2502844141069397,3.3333333333333335,1.8856180831641267,23.0,12.192894105447921,6,2,34,6
gErFaYNXwJg88MiiH,aYodFE8gyRCJjpZwg,0.16374269005847952,0.1746031746031746,3.0,0.816496580927726,19.0,5.715476066494082,4,2,26,12
gErFaYNXwJg88MiiH,jbCQh8GGfC88NHAx6,0.2534435261707989,0.2479240806642942,10.0,2.160246899469287,40.333333333333336,18.926759422104517,13,8,65,19
gjEE3nTznAYSTeyQd,EQMDJceWtSFGRq6TC,0.38095238095238093,0.460093896713615,1.3333333333333333,0.4714045207910317,4.666666666666667,3.7712361663282534,2,1,10,2
gjEE3nTznAYSTeyQd,oxNywPPJgcajoCrub,0.5128205128205128,0.5897435897435898,1.0,0.0,4.333333333333333,4.714045207910317,1,1,11,1
gs4B4dyPyLtBxwxLN,HykfLLhi9pSM9GudJ,0.16666666666666666,0.21649484536082475,2.6666666666666665,0.9428090415820634,13.333333333333334,4.109609335312651,4,2,18,8
gs4B4dyPyLtBxwxLN,KgBkxB7SrfnGcygvr,0.30303030303030304,0.3333333333333333,1.3333333333333333,0.4714045207910317,7.333333333333333,4.109609335312651,2,1,12,2
gs4B4dyPyLtBxwxLN,Yy2nEKhjQ2d6jWNj6,0.09523809523809523,0.08007448789571694,6.333333333333333,1.247219128924647,28.0,5.0990195135927845,8,5,33,21
gs4B4dyPyLtBxwxLN,tq3Zbr9ggwme5Byyt,0.14035087719298245,0.1532567049808429,1.0,0.0,6.333333333333333,1.699673171197595,1,1,8,4
hJ7ir2wAZMR4bJJw2,JSvbDNKJnru6m74yy,0.0,0.0,1.0,0.0,1.0,0.0,1,1,1,1
hJ7ir2wAZMR4bJJw2,pBpSk9QZspaWSpP8B,0.1875,0.3,1.5,0.5,8.0,3.0,2,1,11,5
hXrbwkrf8S2S3MpB6,BEWQrKH4xQ62xoq5j,0.24113475177304963,0.21832358674463936,2.3333333333333335,0.4714045207910317,15.666666666666666,7.039570693980959,3,2,25,8
hqLBo25D8dJDNoLJp,NQwvxPPMFuWc5CDz5,0.0,0.0,2.0,0.0,7.0,0.0,2,2,7,7
hwpwY6wgz5T4hEiDi,FsRaYGCCHo5BJsp52,0.31007751937984496,0.25757575757575757,3.6666666666666665,2.3570226039551585,14.333333333333334,8.993825042154693,7,2,27,7
hwpwY6wgz5T4hEiDi,N5L2bgf8qvEeMSCwb,0.21717171717171718,0.20379965457685664,8.333333333333334,2.494438257849294,44.0,17.90716802475106,11,5,63,20
hwpwY6wgz5T4hEiDi,g55oBQRtEii3wJjqh,0.27011494252873564,0.27346938775510204,7.0,2.8284271247461903,38.666666666666664,19.430788855719562,9,3,60,13
hwpwY6wgz5T4hEiDi,uCaoERMHuJM2zHiEv,0.29213483146067415,0.305982905982906,6.0,2.160246899469287,29.666666666666668,17.93197020841702,9,4,55,16
hwpwY6wgz5T4hEiDi,yrmCJWJttEHmgqiiC,0.23045267489711935,0.2401343408900084,5.666666666666667,1.8856180831641267,27.0,11.51810169544733,7,3,40,12
iYwErzgRSBQawPNDD,P335r93fS4XSS5x2W,0.21052631578947367,0.18565400843881857,2.0,0.816496580927726,6.333333333333333,2.6246692913372702,3,1,10,4
ie8D6aQyiiRfJjXw2,A4MHN9PZvTzhP65GE,0.17777777777777778,0.19791666666666666,2.0,0.0,5.0,1.632993161855452,2,2,7,3
ie8D6aQyiiRfJjXw2,n6vftghStdu5jWkkf,0.16666666666666666,0.27450980392156865,1.0,0.0,1.3333333333333333,0.4714045207910317,1,1,2,1
ie8D6aQyiiRfJjXw2,oEmepNaiRnFieGKJf,0.1728395061728395,0.19047619047619047,2.0,0.816496580927726,18.0,6.377042156569663,3,1,23,9
in6JYLpxnGNRCf7M7,f3z4LBzANtAJ9baj3,0.3181818181818182,0.3983050847457627,1.5,0.5,5.5,3.5,2,1,9,2
ivbeGBPTi6kj88jYM,35nv44PQNF49KT7Jw,0.21428571428571427,0.26495726495726496,4.0,0.816496580927726,18.666666666666668,8.055363982396383,5,3,30,12
ivbeGBPTi6kj88jYM,Gi82LsTvnDXoYcKFF,0.48484848484848486,0.5193798449612403,2.0,1.4142135623730951,7.333333333333333,7.542472332656507,4,1,18,2
ivbeGBPTi6kj88jYM,mEzotJwWtiNux9AqK,0.23703703703703705,0.19696969696969696,3.3333333333333335,0.9428090415820634,15.0,6.683312551921141,4,2,22,6
ivbeGBPTi6kj88jYM,puKkYRakfGggNRi3k,0.16091954022988506,0.18253968253968253,4.666666666666667,1.699673171197595,19.333333333333332,6.018490028422596,7,3,25,11
ivbeGBPTi6kj88jYM,rYpJe4aZxFnjhLvAi,0.37037037037037035,0.3939393939393939,1.3333333333333333,0.4714045207910317,3.0,2.160246899469287,2,1,6,1
jdwDeMMCQFn9JXGL5,9zpxW7HTPdTG7q3F6,0.0,0.0,1.0,0.0,4.0,0.0,1,1,4,4
jdwDeMMCQFn9JXGL5,FZ6Skh9jknKGyPFiY,0.16666666666666666,0.21428571428571427,1.0,0.0,1.5,0.5,1,1,2,1
jdwDeMMCQFn9JXGL5,bFS2strfyrGoK263c,0.34210526315789475,0.33695652173913043,2.0,1.0,9.5,6.5,3,1,16,3
jdwDeMMCQFn9JXGL5,tTKJxpGGwByASyqTj,0.0,0.0,1.0,0.0,8.0,0.0,1,1,8,8
jyDXT9hYzzgAZGeYM,ApmCkXehua6APYNjK,0.22988505747126436,0.25225225225225223,2.6666666666666665,1.247219128924647,9.666666666666666,4.496912521077347,4,1,16,6
jyDXT9hYzzgAZGeYM,BGLbQq8FwJ7ZXa7XF,0.125,0.20666666666666667,2.5,0.5,8.0,2.0,3,2,10,6
jyDXT9hYzzgAZGeYM,n7WnFdzd8FzFytXYs,0.4074074074074074,0.4111111111111111,3.0,1.4142135623730951,12.0,9.93310961716756,4,1,26,4
kc3cz5NxvagFonEkN,B4q99ncZPeevWBZpq,0.0,0.0,1.0,0.0,1.0,0.0,1,1,1,1
kc3cz5NxvagFonEkN,H6ivF5ynrNX9Ay8AS,0.32558139534883723,0.3085399449035813,2.3333333333333335,0.4714045207910317,14.333333333333334,8.65383665716478,3,2,24,3
kg99bLDQNFWLBWs3s,N8esq9dZCutNhP48G,0.375,0.3,1.0,0.0,4.0,3.0,1,1,7,1
kg99bLDQNFWLBWs3s,WWWHeCumMW3sqhFns,0.0,0.0,1.0,0.0,6.0,0.0,1,1,6,6
kg99bLDQNFWLBWs3s,kPKfjXq8C7tsxA98H,0.0,0.16666666666666666,1.0,0.0,1.0,0.0,1,1,1,1
kixqnRLqDKTtoJFtg,XfkyPQ8z63yWFvCkq,0.35714285714285715,0.4154929577464789,2.0,0.0,14.0,10.0,2,2,24,4
mZXmDaqBh8gXoGKTn,XeYtPgfopDRr3rdPH,0.48756218905472637,0.48826291079812206,10.0,6.97614984548545,44.666666666666664,40.99864496405812,18,1,100,2
mZXmDaqBh8gXoGKTn,fQ25KoG7XPGjYmbKi,0.20512820512820512,0.1784776902887139,1.6666666666666667,0.9428090415820634,8.666666666666666,3.2998316455372216,3,1,13,5
mZXmDaqBh8gXoGKTn,p7YzE34qLu7ZGjwp7,0.17777777777777778,0.20058997050147492,10.666666666666666,4.784233364802441,50.0,17.795130420052185,15,4,65,25
mZXmDaqBh8gXoGKTn,qxtM3Fcw8hfRhr3qB,0.3389830508474576,0.3376251788268956,3.6666666666666665,1.8856180831641267,19.666666666666668,13.299958228840003,5,1,31,1
mZXmDaqBh8gXoGKTn,xrXDYsSm58rvbAWDf,0.13333333333333333,0.16666666666666666,5.0,0.816496580927726,16.666666666666668,4.714045207910316,6,4,20,10
ms3XNkBoKuDALsWu7,GZDcTprucbXzZRwsA,0.17002237136465326,0.15996168582375478,9.333333333333334,2.0548046676563256,49.666666666666664,15.542057635833022,12,7,68,30
ms3XNkBoKuDALsWu7,GuwAdB8tuAsGb9gmW,0.1364522417153996,0.1610626816106268,10.333333333333334,1.699673171197595,57.0,15.121728296285006,12,8,78,43
ms3XNkBoKuDALsWu7,T7SCX736SqBXi77cx,0.2331288343558282,0.25,7.666666666666667,1.699673171197595,54.333333333333336,26.637484032009397,10,6,92,35
ms3XNkBoKuDALsWu7,eCCRQ7jfhD9uiZ8Ge,0.11594202898550725,0.11423699914748509,4.666666666666667,0.9428090415820634,30.666666666666668,6.944222218666553,6,4,37,21
ms3XNkBoKuDALsWu7,tQ2Nf8xaRACQK3h6c,0.31746031746031744,0.3321956769055745,3.3333333333333335,2.0548046676563256,21.0,14.142135623730951,6,1,31,1
o6hAAMmf3TgxBeMhZ,2prYpnmzcTocRynsu,0.3357664233576642,0.384418901660281,20.0,12.727922061357855,45.666666666666664,32.0659043568433,38,11,91,22
o6hAAMmf3TgxBeMhZ,M2nE5ZqdHSphBasrc,0.42592592592592593,0.425,3.5,1.5,13.5,11.5,5,2,25,2
o6hAAMmf3TgxBeMhZ,jRTytZsXaqp33ugec,0.40425531914893614,0.43727598566308246,10.0,7.118052168020874,31.333333333333332,25.381533094401966,20,4,67,10
o6hAAMmf3TgxBeMhZ,kuCSGG5pPSaukXWdZ,0.2037037037037037,0.25268817204301075,4.666666666666667,1.699673171197595,12.0,4.546060565661952,7,3,17,6
o6hAAMmf3TgxBeMhZ,tjTzxyhzHYABm8Zjd,0.16666666666666666,0.1875,2.6666666666666665,1.699673171197595,8.0,2.8284271247461903,5,1,12,6
oBk3XNc8dNALbkQFM,38EiwPkebthRsL5Qr,0.0,0.0,1.0,0.0,1.0,0.0,1,1,1,1
oBk3XNc8dNALbkQFM,MiseeMd3HqAWQk53b,0.16666666666666666,0.43333333333333335,1.5,0.5,1.5,0.5,2,1,2,1
oBk3XNc8dNALbkQFM,PHW6Jgrnn87KfGGTC,0.0,0.0,1.0,0.0,1.0,0.0,1,1,1,1
oCe77KbdixMse5wca,9e9CkHinsSnaZAGD6,0.08333333333333333,0.18181818181818182,2.0,1.0,6.0,1.0,3,1,7,5
oCe77KbdixMse5wca,CjSZhWBy3zGnqezoW,0.0,0.0,3.0,0.0,26.0,0.0,3,3,26,26
oCe77KbdixMse5wca,fB9anQoTx3wXiFgGR,0.2465277777777778,0.2516260162601626,22.333333333333332,8.013876853447538,128.0,58.12629926863284,28,11,196,54
oCe77KbdixMse5wca,oiEJbS4vuJQbJ3f5S,0.22843822843822845,0.20503597122302158,9.333333333333334,2.8674417556808756,47.666666666666664,21.296843793284385,13,6,67,18
oCe77KbdixMse5wca,wmG7LHrGoyLXQET38,0.42105263157894735,0.43028624192059095,11.666666666666666,8.9566858950296,57.0,45.89117562233506,24,3,120,12
oiThZ7Pv2sq6iWaDw,3vvnjoEdhYFEevngR,0.0691358024691358,0.06621773288439955,6.666666666666667,1.699673171197595,45.0,6.377042156569663,9,5,50,36
oiThZ7Pv2sq6iWaDw,7oLWn8j8pWvqkBymk,0.15706806282722513,0.17134629229661627,7.0,2.943920288775949,63.666666666666664,20.33606539022619,10,3,80,35
oiThZ7Pv2sq6iWaDw,PbgFw8HcWYeTcrNBi,0.19148936170212766,0.22173274596182085,4.333333333333333,0.4714045207910317,31.333333333333332,11.897712198383164,5,4,48,21
oiThZ7Pv2sq6iWaDw,WFPgRs3xrwQLgrr5Y,0.08771929824561403,0.09207613988490483,6.0,0.816496580927726,50.666666666666664,8.806563209081938,7,5,63,43
oiThZ7Pv2sq6iWaDw,b92aSq9RSSjjzBZ98,0.041025641025641026,0.08244994110718493,5.0,0.816496580927726,21.666666666666668,1.8856180831641267,6,4,23,19
omKyWusauvx2N5AtR,BLnsZSWmwdB8GkL4D,0.0,0.0,1.0,0.0,4.0,0.0,1,1,4,4
omKyWusauvx2N5AtR,ZSwquxQnQvKpqqAAq,0.0,0.0,2.0,0.0,12.0,0.0,2,2,12,12
oqFtzccWwc347fLCM,GpZCR2d496dg7YoWm,0.3333333333333333,0.3502824858757062,1.0,0.0,4.666666666666667,3.0912061651652345,1,1,9,2
oqFtzccWwc347fLCM,JcrdSj4YLgmR8cRz6,0.26666666666666666,0.25,1.0,0.0,1.6666666666666667,0.9428090415820634,1,1,3,1
oqFtzccWwc347fLCM,KPGxsjTrXxetyyxN6,0.3333333333333333,0.3333333333333333,1.0,0.0,2.0,1.4142135623730951,1,1,4,1
oqFtzccWwc347fLCM,NJvsDtD2pELWLYcRE,0.38095238095238093,0.3466666666666667,1.0,0.0,2.3333333333333335,1.8856180831641267,1,1,5,1
oqFtzccWwc347fLCM,RQGsmG2NxJ2WSJ3bR,0.0,0.0,1.0,0.0,1.0,0.0,1,1,1,1
p5mNEGjkGjHRKRTXy,2kACYRC3e5ZpY3gmx,0.19230769230769232,0.22131147540983606,1.0,0.0,6.5,2.5,1,1,9,4
p5mNEGjkGjHRKRTXy,7JbgxrojzKWQ5c48J,0.0,0.0,1.0,0.0,4.0,0.0,1,1,4,4
p5mNEGjkGjHRKRTXy,GQ9PBRK3GcmRaWkXz,0.07142857142857142,0.10818713450292397,2.0,0.0,17.5,2.5,2,2,20,15
p5mNEGjkGjHRKRTXy,jeWJFm7ms9aNNjmMP,0.2903225806451613,0.2222222222222222,4.666666666666667,3.0912061651652345,20.666666666666668,11.145502331533658,9,2,33,6
p5mNEGjkGjHRKRTXy,sihZ4tRTSaHAbqdy7,0.0,0.13157894736842105,1.5,0.5,3.0,0.0,2,1,3,3
pTdFTwZkFJJPWSPXy,KmvKECtgY79pcKYos,0.4731182795698925,0.4583333333333333,3.0,1.4142135623730951,20.666666666666668,20.07209228976613,5,2,49,5
qAp94yFefW8yThJX8,HEjqpFjCXPoT9bqHu,0.1970649895178197,0.17589893100097181,10.0,4.96655480858378,53.0,19.30457631409368,17,6,75,28
qAp94yFefW8yThJX8,Zjixv6z56ekJqb9io,0.36257309941520466,0.37681159420289856,3.3333333333333335,2.0548046676563256,19.0,12.832251036613439,6,1,33,2
qAp94yFefW8yThJX8,eQdE8LZeSghTzZctM,0.3880597014925373,0.3735810113519092,5.0,3.7416573867739413,22.333333333333332,15.923427883328248,10,1,42,3
qAp94yFefW8yThJX8,iz98yAgvu3mY3eSDz,0.24615384615384617,0.1959378733572282,4.333333333333333,1.8856180831641267,21.666666666666668,10.873004286866728,7,3,37,13
qAp94yFefW8yThJX8,xgTfmPAyq9dQXF2ff,0.125,0.11290322580645161,1.0,0.0,4.0,1.0,1,1,5,3
qZaiMqEeoSodh7WsY,JpvRvdBCDo2wGaPK5,0.0,0.0,3.0,0.0,8.0,0.0,3,3,8,8
qZaiMqEeoSodh7WsY,LRahhX2JoA4f9KY6i,0.17647058823529413,0.2120253164556962,4.5,0.5,34.0,12.0,5,4,46,22
qZaiMqEeoSodh7WsY,pd4nP6P6K7fXME4pR,0.3157894736842105,0.33513513513513515,3.6666666666666665,2.0548046676563256,12.666666666666666,8.055363982396381,6,1,24,6
qZaiMqEeoSodh7WsY,w7jcmcj3EGEBof4vA,0.0,0.0,2.0,0.0,4.0,0.0,2,2,4,4
r3Tq6p6z4YknmkXZi,jnNbRoucnn4FT6pjf,0.0,0.0,1.0,0.0,2.0,0.0,1,1,2,2
r6BfdJKnbvPP6W4jF,2jkthjuGxRej5fn4r,0.25,0.24358974358974358,1.0,0.0,12.0,6.0,1,1,18,6
r6BfdJKnbvPP6W4jF,9g698Dwe7BkuwCDwb,0.12643678160919541,0.13623188405797101,5.0,0.816496580927726,19.333333333333332,4.496912521077347,6,4,25,14
r6BfdJKnbvPP6W4jF,KYs2riCCyNh7zXNg6,0.18357487922705315,0.17925478348439072,5.666666666666667,0.9428090415820634,23.0,8.524474568362947,7,5,30,11
r6BfdJKnbvPP6W4jF,qXPeYfRe6SpJopH2f,0.10869565217391304,0.11290322580645161,2.5,0.5,11.5,2.5,3,2,14,9
r6BfdJKnbvPP6W4jF,t48dv62XLZtmh3A37,0.06572769953051644,0.07268951194184839,4.0,0.816496580927726,23.666666666666668,2.8674417556808756,5,3,27,20
sDdntQhbNqxyChsyu,RacWuxKF6fPJ5as55,0.0,0.0,1.0,0.0,9.0,0.0,1,1,9,9
sDdntQhbNqxyChsyu,vjMYe3xxeM6RC5i4a,0.0,0.0,1.0,0.0,10.0,0.0,1,1,10,10
sMar4WtFyuyM6HBK2,3rg8Le5W7ToZrr5qN,0.11764705882352941,0.09777777777777778,1.6666666666666667,0.4714045207910317,5.666666666666667,1.247219128924647,2,1,7,4
sMar4WtFyuyM6HBK2,ekkawbiD3cNCeyH7S,0.08602150537634409,0.11764705882352941,1.6666666666666667,0.9428090415820634,10.333333333333334,1.699673171197595,3,1,12,8
sMar4WtFyuyM6HBK2,oZoojFqkFPwMAZT9J,0.08333333333333333,0.125,1.5,0.5,6.0,1.0,2,1,7,5
sMar4WtFyuyM6HBK2,uzZGrDXqPuAMwzu6u,0.13333333333333333,0.11870503597122302,3.0,0.0,15.0,4.0,3,3,19,11
sMar4WtFyuyM6HBK2,xyfv5kC65zRmi5ZJh,0.18823529411764706,0.18537414965986396,5.666666666666667,1.247219128924647,28.333333333333332,10.873004286866728,7,4,37,13
saGYusZaBB9igXjpm,7FudXm6xFaheX7yxo,0.0,0.05555555555555555,1.0,0.0,2.0,0.0,1,1,2,2
saGYusZaBB9igXjpm,87FHrizW59Km6pHJg,0.3888888888888889,0.3974358974358974,1.0,0.0,4.5,3.5,1,1,8,1
saGYusZaBB9igXjpm,EvCbDpeaBuDepLzM4,0.0625,0.09554140127388536,4.0,0.816496580927726,21.333333333333332,2.6246692913372702,5,3,25,19
saGYusZaBB9igXjpm,TXLJXrDZTQdjoMmkp,0.273224043715847,0.3127853881278539,5.333333333333333,1.247219128924647,20.333333333333332,10.338708279513883,7,4,34,9
saGYusZaBB9igXjpm,fdgiJ7znfDgNLKmSg,0.0,0.0,2.0,0.0,9.0,0.0,2,2,9,9
tBKtLMWiQ4EwiNE7P,uTeJEawatDpxNkgAj,0.0,0.0,1.0,0.0,3.0,0.0,1,1,3,3
tLC3Rtp7ejXc2cTZc,JLEyphANyFYmZLsSb,0.2751322751322751,0.28540305010893247,5.0,2.449489742783178,21.0,11.430952132988164,8,2,31,5
tLC3Rtp7ejXc2cTZc,QkmWsPrAvaffwXJhj,0.29118773946360155,0.3278985507246377,7.0,4.242640687119285,29.0,16.51262143533445,13,4,52,14
tLC3Rtp7ejXc2cTZc,e4FPPCyTH7NM6fdpr,0.4444444444444444,0.47468354430379744,2.0,1.0,9.0,8.0,3,1,17,1
tLC3Rtp7ejXc2cTZc,g4wDYoxoAC3CijgjF,0.30303030303030304,0.358974358974359,2.3333333333333335,1.247219128924647,7.333333333333333,4.714045207910317,4,1,14,4
tLC3Rtp7ejXc2cTZc,k2o2GupjRZAbWSEB6,0.0,0.0,4.0,0.0,23.0,0.0,4,4,23,23
thLrRLkDMLp8gBjfv,dSK8BSYwsXAbcS72M,0.319634703196347,0.32558139534883723,2.0,0.816496580927726,24.333333333333332,14.613540144521982,3,1,44,9
u6wpheQRKDLGCAbxu,2gG2TS4Az4XYxpMSd,0.15,0.1544502617801047,3.0,2.0,20.0,6.0,5,1,26,14
u6wpheQRKDLGCAbxu,TYeecnrWijNHzsGAT,0.0,0.056818181818181816,2.0,0.0,9.0,0.0,2,2,9,9
u6wpheQRKDLGCAbxu,mFWwXbxSoEMuywRZZ,0.13157894736842105,0.16666666666666666,5.0,1.0,19.0,5.0,6,4,24,14
u6wpheQRKDLGCAbxu,oHy2ZM5LcoX5SJX9b,0.2289156626506024,0.24740556247405562,10.666666666666666,3.39934634239519,55.333333333333336,23.697163449568293,14,6,87,30
u6wpheQRKDLGCAbxu,tjWg62BHQWJLM5x2c,0.14492753623188406,0.14649286157666047,8.0,3.7416573867739413,38.333333333333336,10.208928554075703,12,3,51,26
uXpd8KK8zT7dH9bup,CxcvFtSZhAzqbwtoP,0.1891891891891892,0.18633540372670807,4.333333333333333,0.4714045207910317,24.666666666666668,9.463379711052259,5,4,38,17
uZGoshRhbBEFkuNf8,7KNCrzEGGRWz5xFd9,0.2042042042042042,0.229126213592233,8.333333333333334,3.6817870057290873,37.0,14.165686240583852,13,4,52,18
uZGoshRhbBEFkuNf8,7KoKr5Z7J77mc5K9x,0.07909604519774012,0.07729468599033816,4.333333333333333,1.699673171197595,19.666666666666668,3.0912061651652345,6,2,24,17
uZGoshRhbBEFkuNf8,dCEi23nAK8X2bk4fb,0.2757201646090535,0.28506375227686703,13.666666666666666,6.944222218666553,54.0,29.87752778706208,22,5,96,29
uZGoshRhbBEFkuNf8,j3tRAyZFX63kd5fy4,0.26330532212885155,0.271260086902545,14.666666666666666,6.182412330330469,79.33333333333333,43.622114676948996,20,6,141,47
uZGoshRhbBEFkuNf8,s9qvyabhLPYzD52ho,0.25203252032520324,0.28717948717948716,6.666666666666667,3.299831645537222,27.333333333333332,14.383632673594278,9,2,38,7
uvQEnC7MWJoHuX9r2,hF4vZcTC7HdefBTre,0.0,0.0,1.0,0.0,3.0,0.0,1,1,3,3
uvQEnC7MWJoHuX9r2,mDhYmCJWRi8t4igKZ,0.4074074074074074,0.38497652582159625,1.0,0.0,6.0,4.546060565661952,1,1,12,1
vEEeEuKkPaDPKazzM,f4hwurb6NQ3g8a4re,0.3,0.30952380952380953,2.0,0.0,12.5,7.5,2,2,20,5
w5wCzPHn2t3JG8f8T,4RizffjGqd82dTMGc,0.0,0.0,1.0,0.0,5.0,0.0,1,1,5,5
w5wCzPHn2t3JG8f8T,Gqny48PMoQ67KA8Sj,0.3,0.3443223443223443,1.6666666666666667,0.4714045207910317,6.666666666666667,3.6817870057290873,2,1,11,2
w5wCzPHn2t3JG8f8T,KrAbR2X32krtaqwF8,0.3055555555555556,0.3149847094801223,2.6666666666666665,1.247219128924647,16.0,9.93310961716756,4,1,30,8
w5wCzPHn2t3JG8f8T,YK84gnYhKemQLgiKX,0.05555555555555555,0.05,2.0,0.0,4.5,0.5,2,2,5,4
w5wCzPHn2t3JG8f8T,YKdLgNRuLzX8FRwgp,0.20202020202020202,0.2505592841163311,4.0,2.160246899469287,11.0,4.320493798938574,7,2,17,7
wJNJrpbgyaE2EirSB,iswAsfN7eocPG2tZN,0.0,0.0,1.0,0.0,5.0,0.0,1,1,5,5
wJNJrpbgyaE2EirSB,oRnp49awWGPTj28ev,0.125,0.16666666666666666,1.0,0.0,4.0,1.0,1,1,5,3
x4T2vfBv9s59cB9J3,FhjBKhJvDMzWMtccc,0.4079147640791476,0.39436619718309857,11.0,8.04155872120988,73.0,54.77834121864833,22,3,142,8
x4T2vfBv9s59cB9J3,ToMJG6xqs9Xbtsdqw,0.46994535519125685,0.4880503144654088,5.0,2.8284271247461903,20.333333333333332,19.601587237318874,9,3,48,5
x4T2vfBv9s59cB9J3,ZWzHq8BC68TiRWzri,0.35555555555555557,0.30983463881636203,9.333333333333334,4.4969125210773475,30.0,20.396078054371138,15,4,58,10
x4T2vfBv9s59cB9J3,gmqvH5HTJxy8H6GzT,0.37575757575757573,0.3864306784660767,4.333333333333333,2.0548046676563256,18.333333333333332,13.424687043734847,7,2,37,6
x4T2vfBv9s59cB9J3,mvn9tjgJ9W4NFQNFs,0.22807017543859648,0.21296296296296297,4.666666666666667,1.247219128924647,12.666666666666666,5.436502143433364,6,3,20,7
xBCADoyq8horG8mgv,jok2aHAc8Rtmk5KqD,0.3888888888888889,0.3787878787878788,1.5,0.5,4.5,3.5,2,1,8,1
xBCADoyq8horG8mgv,x6GKocoaxx5pMo5uS,0.0,0.0,1.0,0.0,1.0,0.0,1,1,1,1
xDRTsZz2vaqeoddJm,FX8dMeKyHDKwjwiYt,0.3466666666666667,0.36477987421383645,1.3333333333333333,0.4714045207910317,8.333333333333334,5.557777333511022,2,1,16,3
xDRTsZz2vaqeoddJm,Q7P4jQKinGPo7crNX,0.025423728813559324,0.028688524590163935,4.5,1.5,29.5,1.5,6,3,31,28
xDRTsZz2vaqeoddJm,X2MGJu6CGCFErMuA9,0.48484848484848486,0.4884488448844885,1.6666666666666667,0.4714045207910317,7.333333333333333,7.542472332656507,2,1,18,2
xDRTsZz2vaqeoddJm,dA5edgLrFXjtnAgcA,0.07142857142857142,0.0425531914893617,1.0,0.0,9.333333333333334,1.247219128924647,1,1,11,8
xDRTsZz2vaqeoddJm,pvtCmHiMq8u34infj,0.0,0.0,2.0,0.0,7.0,0.0,2,2,7,7
xdtjYfHQxAEDsBukF,ZkoFmwr6N64Nxq8iL,0.22950819672131148,0.24608501118568232,1.6666666666666667,0.4714045207910317,20.333333333333332,8.65383665716478,2,1,30,9
xep4FC6PxAg6GbKcg,A7WbsFFHX5CFgZt6D,0.2777777777777778,0.27319587628865977,1.5,0.5,9.0,5.0,2,1,14,4
xep4FC6PxAg6GbKcg,cA9xQpYKh6pFfLns8,0.0,0.0,1.0,0.0,1.0,0.0,1,1,1,1
xep4FC6PxAg6GbKcg,zyPLAuwPsQgd9fj4y,0.3333333333333333,0.3333333333333333,1.0,0.0,3.0,2.0,1,1,5,1
xo6xpcdB7n5dfCkTj,nA5Fv6MkLSowRvZX9,0.0,0.0,1.0,0.0,1.0,0.0,1,1,1,1
xuz9AuG34rcYTM6P7,CsXFfdragi9qvFBD8,0.11347517730496454,0.14042867701404288,5.666666666666667,1.247219128924647,31.333333333333332,6.944222218666553,7,4,41,25
xuz9AuG34rcYTM6P7,bkYTasBgbsFN68ZgS,0.2926829268292683,0.2975206611570248,5.666666666666667,3.0912061651652345,27.333333333333332,15.173075568988057,10,3,48,12
xuz9AuG34rcYTM6P7,g29Df3Eb9YoC79KJX,0.375,0.3744292237442922,2.3333333333333335,1.247219128924647,10.666666666666666,7.586537784494029,4,1,21,3
xuz9AuG34rcYTM6P7,jcBsYtr8NXELZFsm5,0.3120567375886525,0.32989690721649484,3.3333333333333335,1.247219128924647,15.666666666666666,9.568466729604882,5,2,29,7
xuz9AuG34rcYTM6P7,xBvwd9KY3D9qv9aDJ,0.22564102564102564,0.24067388688327315,4.666666666666667,1.8856180831641267,21.666666666666668,10.143416036468626,6,2,36,14
z6ZP2AHyzrNicE8dS,2jdKM7CvBtBoMoHcj,0.33186490455212925,0.3450134770889488,11.333333333333334,3.0912061651652345,75.66666666666667,46.13265895460852,14,7,132,19
z6ZP2AHyzrNicE8dS,9eqHarcq8uzNHPccd,0.09090909090909091,0.11278952668680765,4.0,0.816496580927726,22.0,3.7416573867739413,5,3,27,18
z6ZP2AHyzrNicE8dS,MEo2pwmMe4KgJ2BJt,0.27380952380952384,0.292022792022792,6.666666666666667,2.357022603955158,37.333333333333336,18.87385022252275,10,5,59,13
z6ZP2AHyzrNicE8dS,rjvPxPNEznCvTtE57,0.25925925925925924,0.2774327122153209,3.3333333333333335,1.247219128924647,12.0,5.887840577551898,5,2,18,4
z6ZP2AHyzrNicE8dS,yPMir9ucLQmzFvAof,0.09195402298850575,0.05472636815920398,2.6666666666666665,0.9428090415820634,9.666666666666666,1.699673171197595,4,2,12,8
