conversation_num,gini_coefficient_num_words,gini_coefficient_num_chars,average_positive_bert,stdev_positive_bert,min_positive_bert,max_positive_bert,average_negative_bert,stdev_negative_bert,min_negative_bert,max_negative_bert,average_neutral_bert,stdev_neutral_bert,min_neutral_bert,max_neutral_bert,average_num_words,stdev_num_words,min_num_words,max_num_words,average_num_chars,stdev_num_chars,min_num_chars,max_num_chars,average_num_messages,stdev_num_messages,min_num_messages,max_num_messages,average_discrepancies,stdev_discrepancies,min_discrepancies,max_discrepancies,average_hear,stdev_hear,min_hear,max_hear,average_home,stdev_home,min_home,max_home,average_conjunction,stdev_conjunction,min_conjunction,max_conjunction,average_certainty,stdev_certainty,min_certainty,max_certainty,average_inclusive,stdev_inclusive,min_inclusive,max_inclusive,average_bio,stdev_bio,min_bio,max_bio,average_achievement,stdev_achievement,min_achievement,max_achievement,average_adverbs,stdev_adverbs,min_adverbs,max_adverbs,average_anxiety,stdev_anxiety,min_anxiety,max_anxiety,average_third_person,stdev_third_person,min_third_person,max_third_person,average_negation,stdev_negation,min_negation,max_negation,average_swear,stdev_swear,min_swear,max_swear,average_death,stdev_death,min_death,max_death,average_health,stdev_health,min_health,max_health,average_see,stdev_see,min_see,max_see,average_body,stdev_body,min_body,max_body,average_family,stdev_family,min_family,max_family,average_negative_affect,stdev_negative_affect,min_negative_affect,max_negative_affect,average_quantifier,stdev_quantifier,min_quantifier,max_quantifier,average_positive_affect,stdev_positive_affect,min_positive_affect,max_positive_affect,average_insight,stdev_insight,min_insight,max_insight,average_humans,stdev_humans,min_humans,max_humans,average_present_tense,stdev_present_tense,min_present_tense,max_present_tense,average_future_tense,stdev_future_tense,min_future_tense,max_future_tense,average_past_tense,stdev_past_tense,min_past_tense,max_past_tense,average_relative,stdev_relative,min_relative,max_relative,average_sexual,stdev_sexual,min_sexual,max_sexual,average_inhibition,stdev_inhibition,min_inhibition,max_inhibition,average_sadness,stdev_sadness,min_sadness,max_sadness,average_social,stdev_social,min_social,max_social,average_indefinite_pronoun,stdev_indefinite_pronoun,min_indefinite_pronoun,max_indefinite_pronoun,average_religion,stdev_religion,min_religion,max_religion,average_work,stdev_work,min_work,max_work,average_money,stdev_money,min_money,max_money,average_causation,stdev_causation,min_causation,max_causation,average_anger,stdev_anger,min_anger,max_anger,average_first_person_singular,stdev_first_person_singular,min_first_person_singular,max_first_person_singular,average_feel,stdev_feel,min_feel,max_feel,average_tentativeness,stdev_tentativeness,min_tentativeness,max_tentativeness,average_exclusive,stdev_exclusive,min_exclusive,max_exclusive,average_verbs,stdev_verbs,min_verbs,max_verbs,average_friends,stdev_friends,min_friends,max_friends,average_article,stdev_article,min_article,max_article,average_argue,stdev_argue,min_argue,max_argue,average_auxiliary_verbs,stdev_auxiliary_verbs,min_auxiliary_verbs,max_auxiliary_verbs,average_cognitive_mech,stdev_cognitive_mech,min_cognitive_mech,max_cognitive_mech,average_preposition,stdev_preposition,min_preposition,max_preposition,average_first_person_plural,stdev_first_person_plural,min_first_person_plural,max_first_person_plural,average_percept,stdev_percept,min_percept,max_percept,average_second_person,stdev_second_person,min_second_person,max_second_person,average_positive_words,stdev_positive_words,min_positive_words,max_positive_words,average_first_person,stdev_first_person,min_first_person,max_first_person,average_nltk_english_stopwords,stdev_nltk_english_stopwords,min_nltk_english_stopwords,max_nltk_english_stopwords,average_hedge_words,stdev_hedge_words,min_hedge_words,max_hedge_words,average_num_question_naive,stdev_num_question_naive,min_num_question_naive,max_num_question_naive,average_NTRI,stdev_NTRI,min_NTRI,max_NTRI,average_word_TTR,stdev_word_TTR,min_word_TTR,max_word_TTR,average_first_pronouns_proportion,stdev_first_pronouns_proportion,min_first_pronouns_proportion,max_first_pronouns_proportion,average_function_word_accommodation,stdev_function_word_accommodation,min_function_word_accommodation,max_function_word_accommodation,average_content_word_accommodation,stdev_content_word_accommodation,min_content_word_accommodation,max_content_word_accommodation,average_hedge_naive,stdev_hedge_naive,min_hedge_naive,max_hedge_naive,average_textblob_subjectivity,stdev_textblob_subjectivity,min_textblob_subjectivity,max_textblob_subjectivity,average_textblob_polarity,stdev_textblob_polarity,min_textblob_polarity,max_textblob_polarity,average_info_exchange_wordcount,stdev_info_exchange_wordcount,min_info_exchange_wordcount,max_info_exchange_wordcount,average_info_exchange_zscore_chats,stdev_info_exchange_zscore_chats,min_info_exchange_zscore_chats,max_info_exchange_zscore_chats,average_info_exchange_zscore_conversation,stdev_info_exchange_zscore_conversation,min_info_exchange_zscore_conversation,max_info_exchange_zscore_conversation,average_positivity_zscore_chats,stdev_positivity_zscore_chats,min_positivity_zscore_chats,max_positivity_zscore_chats,average_positivity_zscore_conversation,stdev_positivity_zscore_conversation,min_positivity_zscore_conversation,max_positivity_zscore_conversation,average_dale_chall_score,stdev_dale_chall_score,min_dale_chall_score,max_dale_chall_score,average_time_diff,stdev_time_diff,min_time_diff,max_time_diff,average_please,stdev_please,min_please,max_please,average_please_start,stdev_please_start,min_please_start,max_please_start,average_hashedge,stdev_hashedge,min_hashedge,max_hashedge,average_indirect_(btw),stdev_indirect_(btw),min_indirect_(btw),max_indirect_(btw),average_hedges,stdev_hedges,min_hedges,max_hedges,average_factuality,stdev_factuality,min_factuality,max_factuality,average_deference,stdev_deference,min_deference,max_deference,average_gratitude,stdev_gratitude,min_gratitude,max_gratitude,average_apologizing,stdev_apologizing,min_apologizing,max_apologizing,average_1st_person_pl.,stdev_1st_person_pl.,min_1st_person_pl.,max_1st_person_pl.,average_1st_person,stdev_1st_person,min_1st_person,max_1st_person,average_1st_person_start,stdev_1st_person_start,min_1st_person_start,max_1st_person_start,average_2nd_person,stdev_2nd_person,min_2nd_person,max_2nd_person,average_2nd_person_start,stdev_2nd_person_start,min_2nd_person_start,max_2nd_person_start,average_indirect_(greeting),stdev_indirect_(greeting),min_indirect_(greeting),max_indirect_(greeting),average_direct_question,stdev_direct_question,min_direct_question,max_direct_question,average_direct_start,stdev_direct_start,min_direct_start,max_direct_start,average_haspositive,stdev_haspositive,min_haspositive,max_haspositive,average_hasnegative,stdev_hasnegative,min_hasnegative,max_hasnegative,average_subjunctive,stdev_subjunctive,min_subjunctive,max_subjunctive,average_indicative,stdev_indicative,min_indicative,max_indicative,discursive_diversity,variance_in_DD,incongruent_modulation,within_person_disc_range,treatmentName,punishmentCost,punishmentMagnitude,total_costs,total_penalties,total_rewards,multiplier,punishmentExists,rewardExists,playerCount,numRounds,timestamp,score
MnarujjeewXn9m7sz,0.0,0.0,0.22552355,0.0,0.22552355,0.22552355,0.09361122,0.0,0.09361122,0.09361122,0.6808652,0.0,0.6808652,0.6808652,1.0,0.0,1,1,3.0,0.0,3,3,1.0,0.0,1,1,0.0,0.0,0.0,0.0,0.0,0.0,0.0,0.0,0.0,0.0,0.0,0.0,0.0,0.0,0.0,0.0,0.0,0.0,0.0,0.0,0.0,0.0,0.0,0.0,0.0,0.0,0.0,0.0,0.0,0.0,0.0,0.0,0.0,0.0,0.0,0.0,0.0,0.0,0.0,0.0,0.0,0.0,0.0,0.0,0.0,0.0,0.0,0.0,0.0,0.0,0.0,0.0,0.0,0.0,0.0,0.0,0.0,0.0,0.0,0.0,0.0,0.0,0.0,0.0,0.0,0.0,0.0,0.0,0.0,0.0,0.0,0.0,0.0,0.0,0.0,0.0,0.0,0.0,0.0,0.0,0.0,0.0,0.0,0.0,0.0,0.0,0.0,0.0,0.0,0.0,0.0,0.0,0.0,0.0,0.0,0.0,0.0,0.0,0.0,0.0,0.0,0.0,0.0,0.0,0.0,0.0,0.0,0.0,0.0,0.0,0.0,0.0,0.0,0.0,0.0,0.0,0.0,0.0,0.0,0.0,0.0,0.0,0.0,0.0,0.0,0.0,0.0,0.0,0.0,0.0,0.0,0.0,0.0,0.0,0.0,0.0,0.0,0.0,0.0,0.0,0.0,0.0,0.0,0.0,0.0,0.0,0.0,0.0,0.0,0.0,0.0,0.0,0.0,0.0,0.0,0.0,0.0,0.0,0.0,0.0,0.0,0.0,0.0,0.0,0.0,0.0,0.0,0.0,0.0,0.0,0.0,0.0,0.0,0.0,0.0,0.0,0.0,0.0,0.0,0.0,0.0,0.0,0.0,0.0,0.0,0.0,0.0,0.0,0.0,0.0,0.0,0.0,0.0,0.0,0.0,0.0,0.0,0.0,0.0,0.0,0.0,0.0,0.0,0.0,0.0,0.0,0.0,0.0,0.0,0.0,0.0,0.0,0.0,0.0,0.0,0.0,0.0,0.0,0.0,0.0,0.0,0.0,0,0,0.0,0.0,0,0,1.0,0.0,1.0,1.0,0.0,0.0,0.0,0.0,0.0,0.0,0,0,0.0,0.0,0.0,0.0,0.0,0.0,0,0,0.0,0.0,0.0,0.0,0.0,0.0,0.0,0.0,1.0,0.0,1.0,1.0,-0.9075776761155707,0.0,-0.9075776761155707,-0.9075776761155707,0.0,0.0,0.0,0.0,-0.07157899779462013,0.0,-0.07157899779462013,-0.07157899779462013,0.0,0.0,0.0,0.0,0.0496,0.0,0.0496,0.0496,0.0,0.0,0.0,0.0,0.0,0.0,0,0,0.0,0.0,0,0,0.0,0.0,0,0,0.0,0.0,0,0,0.0,0.0,0,0,0.0,0.0,0,0,0.0,0.0,0,0,0.0,0.0,0,0,0.0,0.0,0,0,0.0,0.0,0,0,0.0,0.0,0,0,0.0,0.0,0,0,0.0,0.0,0,0,0.0,0.0,0,0,0.0,0.0,0,0,0.0,0.0,0,0,0.0,0.0,0,0,0.0,0.0,0,0,0.0,0.0,0,0,0.0,0.0,0,0,0.0,0.0,0,0,0.0,0.0,0.0,0.0,4_T,3.0,9.0,1419,27,4230,5.6,True,True,6,15,0,1.2586309523809525
u5ha44udM2BMXBZnj,0.0,0.0,0.22552355,0.0,0.22552355,0.22552355,0.09361122,0.0,0.09361122,0.09361122,0.6808652,0.0,0.6808652,0.6808652,1.0,0.0,1,1,3.0,0.0,3,3,1.0,0.0,1,1,0.0,0.0,0.0,0.0,0.0,0.0,0.0,0.0,0.0,0.0,0.0,0.0,0.0,0.0,0.0,0.0,0.0,0.0,0.0,0.0,0.0,0.0,0.0,0.0,0.0,0.0,0.0,0.0,0.0,0.0,0.0,0.0,0.0,0.0,0.0,0.0,0.0,0.0,0.0,0.0,0.0,0.0,0.0,0.0,0.0,0.0,0.0,0.0,0.0,0.0,0.0,0.0,0.0,0.0,0.0,0.0,0.0,0.0,0.0,0.0,0.0,0.0,0.0,0.0,0.0,0.0,0.0,0.0,0.0,0.0,0.0,0.0,0.0,0.0,0.0,0.0,0.0,0.0,0.0,0.0,0.0,0.0,0.0,0.0,0.0,0.0,0.0,0.0,0.0,0.0,0.0,0.0,0.0,0.0,0.0,0.0,0.0,0.0,0.0,0.0,0.0,0.0,0.0,0.0,0.0,0.0,0.0,0.0,0.0,0.0,0.0,0.0,0.0,0.0,0.0,0.0,0.0,0.0,0.0,0.0,0.0,0.0,0.0,0.0,0.0,0.0,0.0,0.0,0.0,0.0,0.0,0.0,0.0,0.0,0.0,0.0,0.0,0.0,0.0,0.0,0.0,0.0,0.0,0.0,0.0,0.0,0.0,0.0,0.0,0.0,0.0,0.0,0.0,0.0,0.0,0.0,0.0,0.0,0.0,0.0,0.0,0.0,0.0,0.0,0.0,0.0,0.0,0.0,0.0,0.0,0.0,0.0,0.0,0.0,0.0,0.0,0.0,0.0,0.0,0.0,0.0,0.0,0.0,0.0,0.0,0.0,0.0,0.0,0.0,0.0,0.0,0.0,0.0,0.0,0.0,0.0,0.0,0.0,0.0,0.0,0.0,0.0,0.0,0.0,0.0,0.0,0.0,0.0,0.0,0.0,0.0,0.0,0.0,0.0,0.0,0.0,0.0,0.0,0.0,0.0,0.0,0.0,0,0,0.0,0.0,0,0,1.0,0.0,1.0,1.0,0.0,0.0,0.0,0.0,0.0,0.0,0,0,0.0,0.0,0.0,0.0,0.0,0.0,0,0,0.0,0.0,0.0,0.0,0.0,0.0,0.0,0.0,1.0,0.0,1.0,1.0,-0.9075776761155707,0.0,-0.9075776761155707,-0.9075776761155707,0.0,0.0,0.0,0.0,-0.07157899779462013,0.0,-0.07157899779462013,-0.07157899779462013,0.0,0.0,0.0,0.0,0.0496,0.0,0.0496,0.0496,0.0,0.0,0.0,0.0,0.0,0.0,0,0,0.0,0.0,0,0,0.0,0.0,0,0,0.0,0.0,0,0,0.0,0.0,0,0,0.0,0.0,0,0,0.0,0.0,0,0,0.0,0.0,0,0,0.0,0.0,0,0,0.0,0.0,0,0,0.0,0.0,0,0,0.0,0.0,0,0,0.0,0.0,0,0,0.0,0.0,0,0,0.0,0.0,0,0,0.0,0.0,0,0,0.0,0.0,0,0,0.0,0.0,0,0,0.0,0.0,0,0,0.0,0.0,0,0,0.0,0.0,0,0,0.0,0.0,0.0,0.0,1_C,2.0,4.0,3280,0,6560,4.6,False,True,6,35,0,1.1433747412008282
gSojrSFyc4ASdFmCt,0.0,0.0,0.22552355,0.0,0.22552355,0.22552355,0.09361122,0.0,0.09361122,0.09361122,0.6808652,0.0,0.6808652,0.6808652,1.0,0.0,1,1,3.0,0.0,3,3,1.0,0.0,1,1,0.0,0.0,0.0,0.0,0.0,0.0,0.0,0.0,0.0,0.0,0.0,0.0,0.0,0.0,0.0,0.0,0.0,0.0,0.0,0.0,0.0,0.0,0.0,0.0,0.0,0.0,0.0,0.0,0.0,0.0,0.0,0.0,0.0,0.0,0.0,0.0,0.0,0.0,0.0,0.0,0.0,0.0,0.0,0.0,0.0,0.0,0.0,0.0,0.0,0.0,0.0,0.0,0.0,0.0,0.0,0.0,0.0,0.0,0.0,0.0,0.0,0.0,0.0,0.0,0.0,0.0,0.0,0.0,0.0,0.0,0.0,0.0,0.0,0.0,0.0,0.0,0.0,0.0,0.0,0.0,0.0,0.0,0.0,0.0,0.0,0.0,0.0,0.0,0.0,0.0,0.0,0.0,0.0,0.0,0.0,0.0,0.0,0.0,0.0,0.0,0.0,0.0,0.0,0.0,0.0,0.0,0.0,0.0,0.0,0.0,0.0,0.0,0.0,0.0,0.0,0.0,0.0,0.0,0.0,0.0,0.0,0.0,0.0,0.0,0.0,0.0,0.0,0.0,0.0,0.0,0.0,0.0,0.0,0.0,0.0,0.0,0.0,0.0,0.0,0.0,0.0,0.0,0.0,0.0,0.0,0.0,0.0,0.0,0.0,0.0,0.0,0.0,0.0,0.0,0.0,0.0,0.0,0.0,0.0,0.0,0.0,0.0,0.0,0.0,0.0,0.0,0.0,0.0,0.0,0.0,0.0,0.0,0.0,0.0,0.0,0.0,0.0,0.0,0.0,0.0,0.0,0.0,0.0,0.0,0.0,0.0,0.0,0.0,0.0,0.0,0.0,0.0,0.0,0.0,0.0,0.0,0.0,0.0,0.0,0.0,0.0,0.0,0.0,0.0,0.0,0.0,0.0,0.0,0.0,0.0,0.0,0.0,0.0,0.0,0.0,0.0,0.0,0.0,0.0,0.0,0.0,0.0,0,0,0.0,0.0,0,0,1.0,0.0,1.0,1.0,0.0,0.0,0.0,0.0,0.0,0.0,0,0,0.0,0.0,0.0,0.0,0.0,0.0,0,0,0.0,0.0,0.0,0.0,0.0,0.0,0.0,0.0,1.0,0.0,1.0,1.0,-0.9075776761155707,0.0,-0.9075776761155707,-0.9075776761155707,0.0,0.0,0.0,0.0,-0.07157899779462013,0.0,-0.07157899779462013,-0.07157899779462013,0.0,0.0,0.0,0.0,0.0496,0.0,0.0496,0.0496,0.0,0.0,0.0,0.0,0.0,0.0,0,0,0.0,0.0,0,0,0.0,0.0,0,0,0.0,0.0,0,0,0.0,0.0,0,0,0.0,0.0,0,0,0.0,0.0,0,0,0.0,0.0,0,0,0.0,0.0,0,0,0.0,0.0,0,0,0.0,0.0,0,0,0.0,0.0,0,0,0.0,0.0,0,0,0.0,0.0,0,0,0.0,0.0,0,0,0.0,0.0,0,0,0.0,0.0,0,0,0.0,0.0,0,0,0.0,0.0,0,0,0.0,0.0,0,0,0.0,0.0,0,0,0.0,0.0,0.0,0.0,8_C,2.0,7.0,0,0,0,1.0,False,False,3,10,0,1.0033333333333334
vEWvuFNWzMJuyGdrH,0.3888888888888889,0.3735632183908046,0.9277291999999999,0.013216799999999973,0.9145124,0.940946,0.007262981900000001,0.0039564841,0.0033064978,0.011219466,0.0650078,0.009260320000000002,0.05574748,0.07426812,9.0,7.0,2,16,43.5,32.5,11,76,1.0,0.0,1,1,0.005,0.005,0.0,0.01,0.005,0.005,0.0,0.01,0.0,0.0,0.0,0.0,0.005,0.005,0.0,0.01,0.005,0.005,0.0,0.01,0.015,0.015,0.0,0.03,0.0,0.0,0.0,0.0,0.0,0.0,0.0,0.0,0.0,0.0,0.0,0.0,0.0,0.0,0.0,0.0,0.0,0.0,0.0,0.0,0.0,0.0,0.0,0.0,0.0,0.0,0.0,0.0,0.0,0.0,0.0,0.0,0.0,0.0,0.0,0.0,0.0,0.0,0.0,0.0,0.0,0.0,0.0,0.0,0.0,0.0,0.0,0.0,0.0,0.0,0.0,0.0,0.01,0.01,0.0,0.02,0.01,0.0,0.01,0.01,0.0,0.0,0.0,0.0,0.0,0.0,0.0,0.0,0.005,0.005,0.0,0.01,0.005,0.005,0.0,0.01,0.0,0.0,0.0,0.0,0.005,0.005,0.0,0.01,0.0,0.0,0.0,0.0,0.0,0.0,0.0,0.0,0.0,0.0,0.0,0.0,0.015,0.015,0.0,0.03,0.0,0.0,0.0,0.0,0.0,0.0,0.0,0.0,0.005,0.005,0.0,0.01,0.01,0.01,0.0,0.02,0.0,0.0,0.0,0.0,0.0,0.0,0.0,0.0,0.0,0.0,0.0,0.0,0.0,0.0,0.0,0.0,0.01,0.01,0.0,0.02,0.005,0.005,0.0,0.01,0.01,0.01,0.0,0.02,0.0,0.0,0.0,0.0,0.005,0.005,0.0,0.01,0.0,0.0,0.0,0.0,0.005,0.005,0.0,0.01,0.03,0.03,0.0,0.06,0.005,0.005,0.0,0.01,0.015,0.015,0.0,0.03,0.005,0.005,0.0,0.01,0.0,0.0,0.0,0.0,0.01,0.0,0.01,0.01,0.015,0.015,0.0,0.03,0.049999999999999996,0.049999999999999996,0.0,0.09999999999999999,0.0,0.0,0.0,0.0,0.0,0.0,0,0,0.0,0.0,0,0,0.96875,0.03125,0.9375,1.0,0.0009375,0.0009375,0.0,0.001875,0.0,0.0,0,0,0.0,0.0,0.0,0.0,0.0,0.0,0,0,0.675,0.07499999999999996,0.6000000000000001,0.75,0.625,0.07499999999999996,0.55,0.7,8.985,6.985,2.0,15.97,0.7206370547307508,1.4243055597948096,-0.7036685050640589,2.1449426145255606,1.6653345369377348e-16,1.0,-0.9999999999999999,1.0000000000000002,2.6661866817817828,0.051529778254882475,2.6146569035269005,2.7177164600366654,4.218847493575595e-15,1.0,-0.9999999999999958,1.0000000000000042,0.44639999999999996,0.3472,0.0992,0.7936,7.607,7.607,0.0,15.214,0.0,0.0,0,0,0.0,0.0,0,0,0.0,0.0,0,0,0.0,0.0,0,0,0.0,0.0,0,0,0.0,0.0,0,0,0.5,0.5,0,1,0.0,0.0,0,0,0.0,0.0,0,0,0.5,0.5,0,1,0.0,0.0,0,0,0.0,0.0,0,0,0.0,0.0,0,0,0.0,0.0,0,0,0.0,0.0,0,0,0.0,0.0,0,0,0.0,0.0,0,0,1.0,0.0,1,1,0.0,0.0,0,0,0.0,0.0,0,0,0.0,0.0,0,0,0.8820009732905091,0.0,0.0,0.0,0_T,3.0,9.0,0,0,0,1.3,True,False,2,20,1677262097074,1.0
CgLiTN2jqAdKetEW4,0.0,0.0,0.22552355,0.0,0.22552355,0.22552355,0.09361122,0.0,0.09361122,0.09361122,0.6808652,0.0,0.6808652,0.6808652,1.0,0.0,1,1,3.0,0.0,3,3,1.0,0.0,1,1,0.0,0.0,0.0,0.0,0.0,0.0,0.0,0.0,0.0,0.0,0.0,0.0,0.0,0.0,0.0,0.0,0.0,0.0,0.0,0.0,0.0,0.0,0.0,0.0,0.0,0.0,0.0,0.0,0.0,0.0,0.0,0.0,0.0,0.0,0.0,0.0,0.0,0.0,0.0,0.0,0.0,0.0,0.0,0.0,0.0,0.0,0.0,0.0,0.0,0.0,0.0,0.0,0.0,0.0,0.0,0.0,0.0,0.0,0.0,0.0,0.0,0.0,0.0,0.0,0.0,0.0,0.0,0.0,0.0,0.0,0.0,0.0,0.0,0.0,0.0,0.0,0.0,0.0,0.0,0.0,0.0,0.0,0.0,0.0,0.0,0.0,0.0,0.0,0.0,0.0,0.0,0.0,0.0,0.0,0.0,0.0,0.0,0.0,0.0,0.0,0.0,0.0,0.0,0.0,0.0,0.0,0.0,0.0,0.0,0.0,0.0,0.0,0.0,0.0,0.0,0.0,0.0,0.0,0.0,0.0,0.0,0.0,0.0,0.0,0.0,0.0,0.0,0.0,0.0,0.0,0.0,0.0,0.0,0.0,0.0,0.0,0.0,0.0,0.0,0.0,0.0,0.0,0.0,0.0,0.0,0.0,0.0,0.0,0.0,0.0,0.0,0.0,0.0,0.0,0.0,0.0,0.0,0.0,0.0,0.0,0.0,0.0,0.0,0.0,0.0,0.0,0.0,0.0,0.0,0.0,0.0,0.0,0.0,0.0,0.0,0.0,0.0,0.0,0.0,0.0,0.0,0.0,0.0,0.0,0.0,0.0,0.0,0.0,0.0,0.0,0.0,0.0,0.0,0.0,0.0,0.0,0.0,0.0,0.0,0.0,0.0,0.0,0.0,0.0,0.0,0.0,0.0,0.0,0.0,0.0,0.0,0.0,0.0,0.0,0.0,0.0,0.0,0.0,0.0,0.0,0.0,0.0,0,0,0.0,0.0,0,0,1.0,0.0,1.0,1.0,0.0,0.0,0.0,0.0,0.0,0.0,0,0,0.0,0.0,0.0,0.0,0.0,0.0,0,0,0.0,0.0,0.0,0.0,0.0,0.0,0.0,0.0,1.0,0.0,1.0,1.0,-0.9075776761155707,0.0,-0.9075776761155707,-0.9075776761155707,0.0,0.0,0.0,0.0,-0.07157899779462013,0.0,-0.07157899779462013,-0.07157899779462013,0.0,0.0,0.0,0.0,0.0496,0.0,0.0496,0.0496,0.0,0.0,0.0,0.0,0.0,0.0,0,0,0.0,0.0,0,0,0.0,0.0,0,0,0.0,0.0,0,0,0.0,0.0,0,0,0.0,0.0,0,0,0.0,0.0,0,0,0.0,0.0,0,0,0.0,0.0,0,0,0.0,0.0,0,0,0.0,0.0,0,0,0.0,0.0,0,0,0.0,0.0,0,0,0.0,0.0,0,0,0.0,0.0,0,0,0.0,0.0,0,0,0.0,0.0,0,0,0.0,0.0,0,0,0.0,0.0,0,0,0.0,0.0,0,0,0.0,0.0,0,0,0.0,0.0,0.0,0.0,3_T,4.0,13.0,4,13,0,4.0,True,False,4,45,0,0.9967361111111112
Rvu6PirXKhM3e2QNy,0.5625,0.5608108108108109,0.7540182115,0.7188045616796309,0.3249071,1.99892176,0.24073771375,0.24906961857496548,0.05590951,0.66906358,1.0052441085,0.5193569908762944,0.5769922,1.861201274,6.0,7.516648189186454,1,19,27.75,34.816483165305485,6,88,2.0,1.224744871391589,1,4,0.0,0.0,0.0,0.0,0.0,0.0,0.0,0.0,0.0,0.0,0.0,0.0,0.0,0.0,0.0,0.0,0.0025,0.004330127018922193,0.0,0.01,0.005,0.008660254037844387,0.0,0.02,0.0,0.0,0.0,0.0,0.0025,0.004330127018922193,0.0,0.01,0.0025,0.004330127018922193,0.0,0.01,0.0,0.0,0.0,0.0,0.0,0.0,0.0,0.0,0.0,0.0,0.0,0.0,0.0,0.0,0.0,0.0,0.0,0.0,0.0,0.0,0.0,0.0,0.0,0.0,0.0025,0.004330127018922193,0.0,0.01,0.0,0.0,0.0,0.0,0.0,0.0,0.0,0.0,0.0,0.0,0.0,0.0,0.005,0.008660254037844387,0.0,0.02,0.0125,0.004330127018922193,0.009999999999999998,0.02,0.0,0.0,0.0,0.0,0.0,0.0,0.0,0.0,0.0075,0.01299038105676658,0.0,0.03,0.0,0.0,0.0,0.0,0.0,0.0,0.0,0.0,0.007500000000000001,0.012990381056766582,0.0,0.030000000000000002,0.0,0.0,0.0,0.0,0.0,0.0,0.0,0.0,0.0,0.0,0.0,0.0,0.005,0.008660254037844387,0.0,0.02,0.0,0.0,0.0,0.0,0.0,0.0,0.0,0.0,0.0,0.0,0.0,0.0,0.0025,0.004330127018922193,0.0,0.01,0.0,0.0,0.0,0.0,0.0,0.0,0.0,0.0,0.0025,0.004330127018922193,0.0,0.01,0.0025,0.004330127018922193,0.0,0.01,0.0,0.0,0.0,0.0,0.0,0.0,0.0,0.0,0.0075,0.01299038105676658,0.0,0.03,0.0,0.0,0.0,0.0,0.0,0.0,0.0,0.0,0.0,0.0,0.0,0.0,0.0,0.0,0.0,0.0,0.0075,0.01299038105676658,0.0,0.03,0.005,0.008660254037844387,0.0,0.02,0.0025,0.004330127018922193,0.0,0.01,0.0025,0.004330127018922193,0.0,0.01,0.0025,0.004330127018922193,0.0,0.01,0.005,0.008660254037844387,0.0,0.02,0.005,0.005,0.0,0.01,0.017499999999999998,0.024874685927665497,0.0,0.06,0.0,0.0,0.0,0.0,0.0,0.0,0,0,0.25,0.4330127018922193,0,1,2.0,1.224744871391589,1.0,4.0,0.0015625,0.002049199538844375,0.0,0.005,0.0,0.0,0,0,0.08333333333333333,0.14433756729740646,0.0,0.3333333333333333,0.0,0.0,0,0,0.41500000000000004,0.4320590237455989,0.0,1.0,-0.11,0.2264950330581225,-0.5,0.06,5.995000000000001,7.513655901091027,1.0,18.990000000000002,-1.000538213880352,0.48511551630338173,-1.8151553522311414,-0.5737122304001213,0.0,1.8722317521539757,-1.7884042567634209,3.1336244799359063,1.0380684883728521,1.7421853347758993,-0.5347722006257166,3.99000512668995,0.0,1.3247350095714836,-1.6739908841833113,2.036949996871782,0.2976,0.37282575018364805,0.0496,0.9423999999999999,113.52475,174.3638368675899,-91.887,374.274,0.0,0.0,0,0,0.0,0.0,0,0,0.0,0.0,0,0,0.0,0.0,0,0,0.0,0.0,0,0,0.0,0.0,0,0,0.0,0.0,0,0,0.25,0.4330127018922193,0,1,0.25,0.4330127018922193,0,1,0.0,0.0,0,0,0.0,0.0,0,0,0.5,0.5,0,1,0.25,0.4330127018922193,0,1,0.0,0.0,0,0,0.0,0.0,0,0,0.0,0.0,0,0,0.0,0.0,0,0,0.5,0.8660254037844386,0,2,0.25,0.4330127018922193,0,1,0.0,0.0,0,0,0.0,0.0,0,0,0.5496921424146649,0.0063285774540482505,0.005360403977856634,1.6993505400812112,9_T,3.0,4.0,15,20,0,6.2,True,True,7,45,1677262432045,0.9930875576036866
ufttuN8GvJi76BD9G,0.45250271191693786,0.46534989479399985,4.659123127111112,4.427092870782065,0.417184,14.032551718,3.0918589621666666,2.5463696600995664,0.11042388,7.421042773,8.360128938888888,6.375388670368579,0.47239208,19.927745686,79.66666666666667,67.72165253611449,1,235,363.77777777777777,319.32142558792725,2,1104,16.11111111111111,12.853399415843649,1,41,0.01333333333333333,0.020548046676563254,0.0,0.06,0.0011111111111111111,0.0031426968052735444,0.0,0.01,0.002222222222222222,0.006285393610547088,0.0,0.019999999999999997,0.05222222222222222,0.06972609550994324,0.0,0.24,0.025555555555555554,0.028717439962933522,0.0,0.09,0.03555555555555556,0.04597369081239378,0.0,0.16,0.004444444444444445,0.00955813918560292,0.0,0.030000000000000006,0.012222222222222223,0.01812167381144454,0.0,0.06,0.052222222222222225,0.050061690338083595,0.0,0.16,0.0,0.0,0.0,0.0,0.0011111111111111111,0.0031426968052735444,0.0,0.01,0.021111111111111112,0.025141574442188355,0.0,0.06,0.0011111111111111111,0.0031426968052735444,0.0,0.01,0.0,0.0,0.0,0.0,0.003333333333333334,0.006666666666666668,0.0,0.020000000000000004,0.016666666666666666,0.016329931618554522,0.0,0.05,0.0,0.0,0.0,0.0,0.001111111111111111,0.003142696805273544,0.0,0.009999999999999998,0.01,0.024944382578492946,0.0,0.08,0.023333333333333334,0.0270801280154532,0.0,0.08,0.03888888888888889,0.04357482566917239,0.0,0.13999999999999999,0.013333333333333332,0.02054804667656325,0.0,0.06,0.007777777777777777,0.013146843962443588,0.0,0.039999999999999994,0.08888888888888888,0.0831924735437106,0.0,0.27,0.006666666666666666,0.006666666666666667,0.0,0.02,0.017777777777777778,0.018724777273725242,0.0,0.05,0.13666666666666666,0.09603240193925289,0.0,0.33999999999999997,0.0011111111111111111,0.0031426968052735444,0.0,0.01,0.006666666666666666,0.010540925533894597,0.0,0.03,0.007777777777777777,0.01872477727372524,0.0,0.06,0.07666666666666667,0.09030811456096045,0.0,0.3,0.04666666666666666,0.050110987927909696,0.0,0.15,0.0,0.0,0.0,0.0,0.007777777777777778,0.01030402055055078,0.0,0.03,0.008888888888888887,0.0073702773119008885,0.0,0.02,0.005555555555555555,0.0068493488921877515,0.0,0.02,0.005555555555555556,0.010657403385139376,0.0,0.03,0.02333333333333333,0.027080128015453196,0.0,0.07999999999999999,0.015555555555555557,0.013425606637327302,0.0,0.04,0.03666666666666667,0.03590109871423003,0.0,0.09,0.036666666666666674,0.04447221354708778,0.0,0.13,0.11777777777777779,0.1048573398880358,0.0,0.34,0.0,0.0,0.0,0.0,0.03333333333333334,0.024494897427831782,0.0,0.060000000000000005,0.031111111111111114,0.041484788227987714,0.0,0.14,0.05888888888888889,0.05445578113263487,0.0,0.15,0.14555555555555558,0.1558568510675465,0.0,0.52,0.09,0.06146362971528591,0.0,0.22999999999999998,0.021111111111111112,0.029228769862146457,0.0,0.09,0.021111111111111112,0.01594744454934147,0.0,0.05,0.008888888888888887,0.01852592444503674,0.0,0.06,0.03888888888888889,0.03664982778326809,0.0,0.12,0.03888888888888889,0.035416394334464946,0.0,0.09,0.33888888888888885,0.29156453238212954,0.0,1.02,0.0011111111111111111,0.0031426968052735444,0.0,0.01,0.8888888888888888,1.1967032904743342,0,3,0.1111111111111111,0.31426968052735443,0,1,15.923320112759582,12.65324545661317,1.0,40.1126740551293,0.006214354371749938,0.006692467033842317,0.0,0.022,2.4444444444444446,2.3622546250521443,0,7,0.3624669901630686,0.43367644431346547,0.0,1.3073083778966132,0.1111111111111111,0.31426968052735443,0,1,3.1432980599647267,2.808615725044075,0.0,9.416666666666666,1.6423721340388004,2.4589817573664527,-0.6055555555555557,7.183333333333334,79.62777777777778,67.69234156219477,1.0,234.91,-1.670453933906783,5.482848561758736,-12.040357088486868,5.355641311315892,-2.1711028037114174e-15,5.946527271757379,-9.960267261128738,8.032898494715264,2.8457449811622135,7.037722323431704,-4.428397606081169,15.725296722782325,6.908054375445419e-16,5.687010480870952,-9.349858364148123,8.008708244102282,6.227479962013295,5.844790811480925,0.0496,17.924166666666668,183.11411111111113,210.50775994904663,-15.402999999999999,551.112,0.0,0.0,0,0,0.0,0.0,0,0,0.8888888888888888,1.1967032904743342,0,3,0.0,0.0,0,0,0.5555555555555556,0.6849348892187752,0,2,0.3333333333333333,0.4714045207910317,0,1,0.3333333333333333,0.9428090415820634,0,3,0.0,0.0,0,0,0.1111111111111111,0.31426968052735443,0,1,1.4444444444444444,2.1140330656044943,0,7,1.0,1.0540925533894598,0,3,1.7777777777777777,1.8121673811444545,0,5,0.6666666666666666,1.563471919941143,0,5,0.3333333333333333,0.6666666666666666,0,2,0.7777777777777778,0.6285393610547089,0,2,0.0,0.0,0,0,0.8888888888888888,1.286204100310025,0,4,2.7777777777777777,2.8974232912011773,0,9,1.1111111111111112,1.4487116456005888,0,4,0.0,0.0,0,0,0.0,0.0,0,0,0.4037110376914101,0.002117326989356158,0.07559236712466744,1.1115895878408506,5_C,1.0,2.0,0,0,0,2.4,False,False,10,40,1677262156018,0.9626041666666668
mat8Xt4y3EBsyxyoX,0.6349206349206349,0.6535401750198886,0.4766120613333333,0.2365735515272413,0.20101444,0.947332588,0.4565983847666666,0.5485164085635701,0.020746872,1.6312947545999998,0.9001229416666666,0.5764934598493342,0.41767654,2.028188,14.0,20.784609690826528,1,60,69.83333333333333,108.66372695410165,3,311,1.8333333333333333,0.8975274678557507,1,3,0.005,0.011180339887498947,0.0,0.03,0.0,0.0,0.0,0.0,0.0,0.0,0.0,0.0,0.0033333333333333335,0.007453559924999299,0.0,0.02,0.006666666666666667,0.014907119849998597,0.0,0.04,0.0033333333333333335,0.007453559924999299,0.0,0.02,0.0033333333333333335,0.004714045207910317,0.0,0.01,0.005,0.011180339887498947,0.0,0.03,0.005,0.007637626158259733,0.0,0.019999999999999997,0.0,0.0,0.0,0.0,0.0,0.0,0.0,0.0,0.005,0.007637626158259733,0.0,0.02,0.0016666666666666668,0.0037267799624996494,0.0,0.01,0.0,0.0,0.0,0.0,0.0016666666666666668,0.0037267799624996494,0.0,0.01,0.0,0.0,0.0,0.0,0.0,0.0,0.0,0.0,0.0,0.0,0.0,0.0,0.0016666666666666668,0.0037267799624996494,0.0,0.01,0.011666666666666667,0.017716909687891084,0.0,0.05,0.013333333333333334,0.01699673171197595,0.0,0.05,0.0016666666666666668,0.0037267799624996494,0.0,0.01,0.0033333333333333335,0.004714045207910317,0.0,0.01,0.008333333333333333,0.018633899812498248,0.0,0.05,0.0033333333333333335,0.004714045207910317,0.0,0.01,0.0,0.0,0.0,0.0,0.025000000000000005,0.029297326385411576,0.0,0.08,0.0016666666666666668,0.0037267799624996494,0.0,0.01,0.0,0.0,0.0,0.0,0.0,0.0,0.0,0.0,0.016666666666666666,0.03299831645537222,0.0,0.09,0.01,0.022360679774997894,0.0,0.06,0.0,0.0,0.0,0.0,0.0033333333333333335,0.007453559924999299,0.0,0.02,0.0016666666666666668,0.0037267799624996494,0.0,0.01,0.0,0.0,0.0,0.0,0.0016666666666666668,0.0037267799624996494,0.0,0.01,0.005,0.005,0.0,0.01,0.0,0.0,0.0,0.0,0.006666666666666667,0.011055415967851333,0.0,0.03,0.005,0.007637626158259733,0.0,0.02,0.013333333333333334,0.022110831935702666,0.0,0.06,0.0,0.0,0.0,0.0,0.008333333333333333,0.014624940645653539,0.0,0.04,0.005,0.007637626158259733,0.0,0.02,0.01,0.015275252316519466,0.0,0.04,0.02,0.03651483716701107,0.0,0.1,0.015000000000000001,0.025,0.0,0.07,0.0033333333333333335,0.007453559924999299,0.0,0.02,0.0,0.0,0.0,0.0,0.0033333333333333335,0.007453559924999299,0.0,0.02,0.006666666666666667,0.014907119849998597,0.0,0.04,0.005,0.007637626158259733,0.0,0.02,0.06999999999999999,0.1219289410544792,0.0,0.33999999999999997,0.0,0.0,0.0,0.0,0.0,0.0,0,0,0.0,0.0,0,0,1.7856725146198833,0.8400623469479434,1.0,3.0,0.0010404040404040403,0.0018279758657428137,0.0,0.004999999999999999,0.16666666666666666,0.372677996249965,0,1,0.08333333333333333,0.11785113019775792,0.0,0.25,0.0,0.0,0,0,0.3941666666666667,0.41883187425133833,0.0,1.04,0.09416666666666666,0.16279887045745195,-0.07500000000000001,0.35,13.995,20.777633607640052,1.0,59.98,0.8159829623929228,3.644423387288554,-1.5013170937481566,8.896011538168429,2.9605947323337506e-16,1.9232852593566427,-1.5768067965734045,4.202928951237713,0.11499027722028488,0.6820129114342542,-1.1215730555634829,0.9208419641981918,2.220446049250313e-16,0.7241394608157525,-1.353637869935329,0.8868818551433689,2.284317862838915,4.577892131164501,0.0496,12.515507177033491,27.8955,20.478852171203343,1.167,64.526,0.0,0.0,0,0,0.0,0.0,0,0,0.16666666666666666,0.372677996249965,0,1,0.0,0.0,0,0,0.0,0.0,0,0,0.0,0.0,0,0,0.0,0.0,0,0,0.0,0.0,0,0,0.0,0.0,0,0,0.16666666666666666,0.372677996249965,0,1,0.16666666666666666,0.372677996249965,0,1,0.0,0.0,0,0,0.3333333333333333,0.74535599249993,0,2,0.0,0.0,0,0,0.0,0.0,0,0,0.0,0.0,0,0,0.0,0.0,0,0,0.5,1.118033988749895,0,3,0.16666666666666666,0.372677996249965,0,1,0.0,0.0,0,0,0.0,0.0,0,0,0.6746403071260179,0.006249416172844637,0.01508424880327575,1.7201725762011328,6_C,2.0,3.0,0,0,0,6.0,False,False,8,25,1677262285387,0.9566666666666668
eGSEXKgSEqMPjRAcu,0.4970588235294118,0.5124579124579125,0.6052577910000001,0.5443802786098104,0.044926815,1.3144961259999999,0.8813676023999999,1.0960535749856046,0.023240872,2.948469447,1.913374593,1.1522387593239412,0.5948222,3.846567825,27.2,26.84324868565651,3,78,118.8,121.66412782739208,9,350,3.4,2.576819745345025,1,8,0.012,0.01469693845669907,0.0,0.04,0.006,0.004898979485566357,0.0,0.010000000000000002,0.0,0.0,0.0,0.0,0.014000000000000002,0.014966629547095767,0.0,0.04,0.0,0.0,0.0,0.0,0.006,0.008,0.0,0.02,0.004,0.008,0.0,0.02,0.006,0.008,0.0,0.02,0.015999999999999997,0.014966629547095765,0.0,0.04,0.0,0.0,0.0,0.0,0.0,0.0,0.0,0.0,0.01,0.010954451150103323,0.0,0.03,0.0,0.0,0.0,0.0,0.0,0.0,0.0,0.0,0.002,0.004,0.0,0.01,0.013999999999999999,0.013564659966250536,0.0,0.03,0.002,0.004,0.0,0.01,0.0,0.0,0.0,0.0,0.0,0.0,0.0,0.0,0.006,0.007999999999999998,0.0,0.019999999999999997,0.01,0.01549193338482967,0.0,0.04,0.008,0.0074833147735478825,0.0,0.02,0.0019999999999999996,0.003999999999999999,0.0,0.009999999999999998,0.028000000000000004,0.01469693845669907,0.009999999999999998,0.04000000000000001,0.006,0.008,0.0,0.02,0.014000000000000002,0.013564659966250534,0.0,0.039999999999999994,0.036000000000000004,0.05314132102234569,0.0,0.14,0.0,0.0,0.0,0.0,0.0,0.0,0.0,0.0,0.0,0.0,0.0,0.0,0.028000000000000004,0.013266499161421598,0.01,0.049999999999999996,0.014000000000000002,0.014966629547095765,0.0,0.04,0.0,0.0,0.0,0.0,0.0,0.0,0.0,0.0,0.0,0.0,0.0,0.0,0.006,0.008,0.0,0.02,0.0,0.0,0.0,0.0,0.015999999999999997,0.017435595774162694,0.0,0.049999999999999996,0.006,0.007999999999999998,0.0,0.019999999999999997,0.016,0.01854723699099141,0.0,0.05,0.013999999999999999,0.014966629547095767,0.0,0.04,0.052000000000000005,0.036,0.009999999999999998,0.11,0.0,0.0,0.0,0.0,0.006,0.012,0.0,0.03,0.008,0.0074833147735478825,0.0,0.02,0.03,0.03286335345030996,0.0,0.09,0.044,0.04758150901348128,0.0,0.13,0.034,0.042237424163885755,0.0,0.11,0.008,0.009797958971132711,0.0,0.02,0.019999999999999997,0.008944271909999158,0.009999999999999998,0.03,0.008,0.0074833147735478825,0.0,0.02,0.012000000000000002,0.014696938456699072,0.0,0.04000000000000001,0.019999999999999997,0.017888543819998316,0.0,0.049999999999999996,0.11199999999999999,0.11956588142108097,0.009999999999999998,0.33999999999999997,0.0,0.0,0.0,0.0,0.4,0.48989794855663565,0,1,0.0,0.0,0,0,3.351282051282051,2.5722894940672263,1.0,8.0,0.0022676490176490177,0.0013557422093034089,0.0,0.003538461538461539,1.0,1.2649110640673518,0,3,0.1,0.20000000000000004,0.0,0.5,0.0,0.0,0,0,0.819047619047619,0.9142646326934584,0.0,2.2452380952380953,0.12904761904761905,0.22802215749437604,-0.15000000000000002,0.4452380952380953,27.179999999999996,26.82879646946542,2.99,77.95,1.7631959888120092,2.6791699576497314,-0.5017984257230622,7.002825106128682,3.3306690738754695e-17,1.2571210389547165,-1.0384272912042378,2.4320253340752793,-0.8731131010130886,1.602799802004088,-2.9088981749350147,1.3215603327930054,2.220446049250313e-16,1.544717166407876,-1.8079111505969132,2.6264103186587935,1.3491199999999999,1.331425134808563,0.1488,3.8688,202.04799999999997,271.122420803592,13.626,737.3199999999999,0.0,0.0,0,0,0.0,0.0,0,0,0.8,0.7483314773547883,0,2,0.0,0.0,0,0,0.4,0.48989794855663565,0,1,0.0,0.0,0,0,0.0,0.0,0,0,0.0,0.0,0,0,0.2,0.4,0,1,0.4,0.48989794855663565,0,1,0.4,0.8000000000000002,0,2,1.4,1.3564659966250538,0,4,0.2,0.4000000000000001,0,1,0.2,0.4000000000000001,0,1,0.0,0.0,0,0,0.0,0.0,0,0,0.0,0.0,0,0,0.6,0.48989794855663565,0,1,0.8,1.1661903789690602,0,3,0.0,0.0,0,0,0.0,0.0,0,0,0.6912062343437252,0.0010941317464916787,0.015557439130332328,1.6615341831868298,9_C,3.0,4.0,492,0,656,6.2,False,True,7,45,1677263802020,0.9061443932411676
hbask3aBPDiJJxpj9,0.24570446735395188,0.28602703217209213,2.773622834583333,1.2317945718030923,1.179947916,5.2357593399999995,3.72701649835,2.228003343577953,1.3414520540000001,6.806959717,6.499360543999999,1.616126721954832,4.152516406,9.588093813,64.66666666666667,29.06697247545552,33,115,291.8333333333333,155.07354885845476,136,580,13.0,3.6514837167011076,8,19,0.008333333333333333,0.006871842709362768,0.0,0.02,0.0016666666666666668,0.003726779962499649,0.0,0.01,0.0,0.0,0.0,0.0,0.015,0.015000000000000001,0.0,0.04,0.015,0.01607275126832159,0.0,0.04,0.008333333333333333,0.008975274678557507,0.0,0.02,0.005,0.005,0.0,0.01,0.013333333333333334,0.004714045207910317,0.009999999999999998,0.02,0.028333333333333335,0.01343709624716425,0.01,0.05,0.0,0.0,0.0,0.0,0.0016666666666666668,0.0037267799624996494,0.0,0.01,0.023333333333333334,0.009428090415820633,0.01,0.04,0.0016666666666666668,0.0037267799624996494,0.0,0.01,0.0,0.0,0.0,0.0,0.0033333333333333335,0.004714045207910317,0.0,0.01,0.01333333333333333,0.013743685418725535,0.0,0.04,0.0,0.0,0.0,0.0,0.0,0.0,0.0,0.0,0.011666666666666667,0.01343709624716425,0.0,0.04,0.013333333333333334,0.013743685418725534,0.0,0.03,0.02666666666666666,0.014907119849998596,0.0,0.049999999999999996,0.005000000000000001,0.005,0.0,0.010000000000000002,0.008333333333333333,0.006871842709362767,0.0,0.019999999999999997,0.06166666666666667,0.04980517599161311,0.009999999999999998,0.13999999999999999,0.006666666666666665,0.007453559924999298,0.0,0.019999999999999997,0.018333333333333333,0.006871842709362769,0.009999999999999998,0.030000000000000002,0.08333333333333333,0.04109609335312651,0.04,0.15999999999999998,0.0,0.0,0.0,0.0,0.0,0.0,0.0,0.0,0.0,0.0,0.0,0.0,0.06666666666666667,0.05153208277913435,0.019999999999999997,0.16999999999999998,0.03166666666666666,0.040994579587496145,0.0,0.12,0.0,0.0,0.0,0.0,0.005,0.005,0.0,0.01,0.01,0.01,0.0,0.03,0.006666666666666665,0.009428090415820633,0.0,0.02,0.025000000000000005,0.01707825127659933,0.01,0.06,0.03166666666666667,0.012133516482134198,0.01,0.05,0.0033333333333333327,0.004714045207910317,0.0,0.01,0.005,0.005,0.0,0.01,0.021666666666666667,0.014624940645653539,0.009999999999999998,0.05,0.09833333333333333,0.06387922632245602,0.019999999999999997,0.2,0.0,0.0,0.0,0.0,0.04,0.03958114029012639,0.0,0.1,0.021666666666666667,0.022669117514559075,0.0,0.07,0.05833333333333334,0.03236081306491267,0.019999999999999997,0.11,0.06333333333333334,0.030912061651652344,0.01,0.1,0.06166666666666667,0.028528737947706148,0.04,0.12,0.005,0.007637626158259734,0.0,0.02,0.014999999999999998,0.015000000000000001,0.0,0.04,0.018333333333333337,0.021147629234082536,0.0,0.060000000000000005,0.024999999999999998,0.017078251276599333,0.01,0.06,0.035,0.009574271077563382,0.02,0.05,0.2833333333333333,0.1192569587999888,0.13999999999999999,0.48000000000000004,0.0,0.0,0.0,0.0,1.1666666666666667,0.6871842709362768,0,2,0.16666666666666666,0.37267799624996495,0,1,12.861607142857144,3.7085991546233585,7.666666666666667,18.875,0.007212391774891775,0.003288355900681788,0.002613636363636364,0.011666666666666667,2.0,2.886751345948129,0,8,0.2423107121636533,0.28474785500631744,0.0196078431372549,0.6558823529411765,0.0,0.0,0,0,3.514351851851852,1.3061202646569723,1.6916666666666667,5.391666666666667,-0.19351851851851834,1.4530748816895096,-1.8555555555555556,1.8944444444444444,64.63166666666666,29.0664579981042,32.97,114.96000000000001,-1.2703394394944467,4.680756845355538,-4.7818133486835555,8.992069290909722,-2.812564995717063e-15,5.87955441465173,-4.550057442848908,12.937672749690053,-1.5472534987075592,4.972164848364648,-7.910003828809289,8.052146367929701,-1.4062824978585316e-15,4.962210521794547,-5.820001409591765,9.890626189425149,4.076716666666667,3.1932370506100685,1.6367999999999998,10.9195,204.65933333333336,36.098106038344376,157.412,273.63599999999997,0.0,0.0,0,0,0.0,0.0,0,0,0.5,0.5,0,1,0.0,0.0,0,0,0.3333333333333333,0.4714045207910317,0,1,0.0,0.0,0,0,0.16666666666666666,0.372677996249965,0,1,0.16666666666666666,0.372677996249965,0,1,0.16666666666666666,0.37267799624996495,0,1,0.3333333333333333,0.4714045207910317,0,1,0.6666666666666666,0.74535599249993,0,2,2.8333333333333335,1.0671873729054748,1,4,1.0,1.1547005383792515,0,3,0.6666666666666666,1.1055415967851334,0,3,0.5,0.5,0,1,0.0,0.0,0,0,0.0,0.0,0,0,1.8333333333333333,1.5723301886761007,0,5,3.3333333333333335,1.8856180831641267,1,7,0.0,0.0,0,0,0.0,0.0,0,0,0.31485156750079635,0.0037079351972096716,0.03273260404852619,1.1483283244244014,6_T,2.0,3.0,170,255,0,6.0,True,False,8,25,1677262389226,0.9016666666666666
Pt5hxQxKrdYjd3mGX,0.0,0.0,0.22552355,0.0,0.22552355,0.22552355,0.09361122,0.0,0.09361122,0.09361122,0.6808652,0.0,0.6808652,0.6808652,1.0,0.0,1,1,3.0,0.0,3,3,1.0,0.0,1,1,0.0,0.0,0.0,0.0,0.0,0.0,0.0,0.0,0.0,0.0,0.0,0.0,0.0,0.0,0.0,0.0,0.0,0.0,0.0,0.0,0.0,0.0,0.0,0.0,0.0,0.0,0.0,0.0,0.0,0.0,0.0,0.0,0.0,0.0,0.0,0.0,0.0,0.0,0.0,0.0,0.0,0.0,0.0,0.0,0.0,0.0,0.0,0.0,0.0,0.0,0.0,0.0,0.0,0.0,0.0,0.0,0.0,0.0,0.0,0.0,0.0,0.0,0.0,0.0,0.0,0.0,0.0,0.0,0.0,0.0,0.0,0.0,0.0,0.0,0.0,0.0,0.0,0.0,0.0,0.0,0.0,0.0,0.0,0.0,0.0,0.0,0.0,0.0,0.0,0.0,0.0,0.0,0.0,0.0,0.0,0.0,0.0,0.0,0.0,0.0,0.0,0.0,0.0,0.0,0.0,0.0,0.0,0.0,0.0,0.0,0.0,0.0,0.0,0.0,0.0,0.0,0.0,0.0,0.0,0.0,0.0,0.0,0.0,0.0,0.0,0.0,0.0,0.0,0.0,0.0,0.0,0.0,0.0,0.0,0.0,0.0,0.0,0.0,0.0,0.0,0.0,0.0,0.0,0.0,0.0,0.0,0.0,0.0,0.0,0.0,0.0,0.0,0.0,0.0,0.0,0.0,0.0,0.0,0.0,0.0,0.0,0.0,0.0,0.0,0.0,0.0,0.0,0.0,0.0,0.0,0.0,0.0,0.0,0.0,0.0,0.0,0.0,0.0,0.0,0.0,0.0,0.0,0.0,0.0,0.0,0.0,0.0,0.0,0.0,0.0,0.0,0.0,0.0,0.0,0.0,0.0,0.0,0.0,0.0,0.0,0.0,0.0,0.0,0.0,0.0,0.0,0.0,0.0,0.0,0.0,0.0,0.0,0.0,0.0,0.0,0.0,0.0,0.0,0.0,0.0,0.0,0.0,0,0,0.0,0.0,0,0,1.0,0.0,1.0,1.0,0.0,0.0,0.0,0.0,0.0,0.0,0,0,0.0,0.0,0.0,0.0,0.0,0.0,0,0,0.0,0.0,0.0,0.0,0.0,0.0,0.0,0.0,1.0,0.0,1.0,1.0,-0.9075776761155707,0.0,-0.9075776761155707,-0.9075776761155707,0.0,0.0,0.0,0.0,-0.07157899779462013,0.0,-0.07157899779462013,-0.07157899779462013,0.0,0.0,0.0,0.0,0.0496,0.0,0.0496,0.0496,0.0,0.0,0.0,0.0,0.0,0.0,0,0,0.0,0.0,0,0,0.0,0.0,0,0,0.0,0.0,0,0,0.0,0.0,0,0,0.0,0.0,0,0,0.0,0.0,0,0,0.0,0.0,0,0,0.0,0.0,0,0,0.0,0.0,0,0,0.0,0.0,0,0,0.0,0.0,0,0,0.0,0.0,0,0,0.0,0.0,0,0,0.0,0.0,0,0,0.0,0.0,0,0,0.0,0.0,0,0,0.0,0.0,0,0,0.0,0.0,0,0,0.0,0.0,0,0,0.0,0.0,0,0,0.0,0.0,0.0,0.0,8_T,2.0,7.0,20,70,0,1.0,True,False,3,10,0,0.85
gSAoF32a73zAD6qbP,0.0,0.0,0.22552355,0.0,0.22552355,0.22552355,0.09361122,0.0,0.09361122,0.09361122,0.6808652,0.0,0.6808652,0.6808652,1.0,0.0,1,1,3.0,0.0,3,3,1.0,0.0,1,1,0.0,0.0,0.0,0.0,0.0,0.0,0.0,0.0,0.0,0.0,0.0,0.0,0.0,0.0,0.0,0.0,0.0,0.0,0.0,0.0,0.0,0.0,0.0,0.0,0.0,0.0,0.0,0.0,0.0,0.0,0.0,0.0,0.0,0.0,0.0,0.0,0.0,0.0,0.0,0.0,0.0,0.0,0.0,0.0,0.0,0.0,0.0,0.0,0.0,0.0,0.0,0.0,0.0,0.0,0.0,0.0,0.0,0.0,0.0,0.0,0.0,0.0,0.0,0.0,0.0,0.0,0.0,0.0,0.0,0.0,0.0,0.0,0.0,0.0,0.0,0.0,0.0,0.0,0.0,0.0,0.0,0.0,0.0,0.0,0.0,0.0,0.0,0.0,0.0,0.0,0.0,0.0,0.0,0.0,0.0,0.0,0.0,0.0,0.0,0.0,0.0,0.0,0.0,0.0,0.0,0.0,0.0,0.0,0.0,0.0,0.0,0.0,0.0,0.0,0.0,0.0,0.0,0.0,0.0,0.0,0.0,0.0,0.0,0.0,0.0,0.0,0.0,0.0,0.0,0.0,0.0,0.0,0.0,0.0,0.0,0.0,0.0,0.0,0.0,0.0,0.0,0.0,0.0,0.0,0.0,0.0,0.0,0.0,0.0,0.0,0.0,0.0,0.0,0.0,0.0,0.0,0.0,0.0,0.0,0.0,0.0,0.0,0.0,0.0,0.0,0.0,0.0,0.0,0.0,0.0,0.0,0.0,0.0,0.0,0.0,0.0,0.0,0.0,0.0,0.0,0.0,0.0,0.0,0.0,0.0,0.0,0.0,0.0,0.0,0.0,0.0,0.0,0.0,0.0,0.0,0.0,0.0,0.0,0.0,0.0,0.0,0.0,0.0,0.0,0.0,0.0,0.0,0.0,0.0,0.0,0.0,0.0,0.0,0.0,0.0,0.0,0.0,0.0,0.0,0.0,0.0,0.0,0,0,0.0,0.0,0,0,1.0,0.0,1.0,1.0,0.0,0.0,0.0,0.0,0.0,0.0,0,0,0.0,0.0,0.0,0.0,0.0,0.0,0,0,0.0,0.0,0.0,0.0,0.0,0.0,0.0,0.0,1.0,0.0,1.0,1.0,-0.9075776761155707,0.0,-0.9075776761155707,-0.9075776761155707,0.0,0.0,0.0,0.0,-0.07157899779462013,0.0,-0.07157899779462013,-0.07157899779462013,0.0,0.0,0.0,0.0,0.0496,0.0,0.0496,0.0496,0.0,0.0,0.0,0.0,0.0,0.0,0,0,0.0,0.0,0,0,0.0,0.0,0,0,0.0,0.0,0,0,0.0,0.0,0,0,0.0,0.0,0,0,0.0,0.0,0,0,0.0,0.0,0,0,0.0,0.0,0,0,0.0,0.0,0,0,0.0,0.0,0,0,0.0,0.0,0,0,0.0,0.0,0,0,0.0,0.0,0,0,0.0,0.0,0,0,0.0,0.0,0,0,0.0,0.0,0,0,0.0,0.0,0,0,0.0,0.0,0,0,0.0,0.0,0,0,0.0,0.0,0,0,0.0,0.0,0.0,0.0,1_T,2.0,4.0,386,372,400,4.6,True,True,6,35,0,0.8382505175983437
tgt4ZJQ9KZkJeeDCc,0.0,0.0,0.612785,0.0,0.612785,0.612785,0.010954276,0.0,0.010954276,0.010954276,0.37626073,0.0,0.37626073,0.37626073,12.0,0.0,12,12,54.0,0.0,54,54,1.0,0.0,1,1,0.01,0.0,0.01,0.01,0.0,0.0,0.0,0.0,0.0,0.0,0.0,0.0,0.01,0.0,0.01,0.01,0.0,0.0,0.0,0.0,0.03,0.0,0.03,0.03,0.0,0.0,0.0,0.0,0.01,0.0,0.01,0.01,0.0,0.0,0.0,0.0,0.0,0.0,0.0,0.0,0.0,0.0,0.0,0.0,0.0,0.0,0.0,0.0,0.0,0.0,0.0,0.0,0.0,0.0,0.0,0.0,0.0,0.0,0.0,0.0,0.0,0.0,0.0,0.0,0.0,0.0,0.0,0.0,0.0,0.0,0.0,0.0,0.0,0.0,0.0,0.0,0.01,0.0,0.01,0.01,0.01,0.0,0.01,0.01,0.0,0.0,0.0,0.0,0.0,0.0,0.0,0.0,0.01,0.0,0.01,0.01,0.01,0.0,0.01,0.01,0.0,0.0,0.0,0.0,0.02,0.0,0.02,0.02,0.0,0.0,0.0,0.0,0.0,0.0,0.0,0.0,0.0,0.0,0.0,0.0,0.02,0.0,0.02,0.02,0.0,0.0,0.0,0.0,0.0,0.0,0.0,0.0,0.0,0.0,0.0,0.0,0.01,0.0,0.01,0.01,0.0,0.0,0.0,0.0,0.0,0.0,0.0,0.0,0.0,0.0,0.0,0.0,0.0,0.0,0.0,0.0,0.01,0.0,0.01,0.01,0.01,0.0,0.01,0.01,0.02,0.0,0.02,0.02,0.0,0.0,0.0,0.0,0.02,0.0,0.02,0.02,0.0,0.0,0.0,0.0,0.01,0.0,0.01,0.01,0.04,0.0,0.04,0.04,0.0,0.0,0.0,0.0,0.02,0.0,0.02,0.02,0.0,0.0,0.0,0.0,0.0,0.0,0.0,0.0,0.02,0.0,0.02,0.02,0.02,0.0,0.02,0.02,0.07,0.0,0.07,0.07,0.0,0.0,0.0,0.0,0.0,0.0,0,0,0.0,0.0,0,0,0.9166666666666666,0.0,0.9166666666666666,0.9166666666666666,0.0016666666666666668,0.0,0.0016666666666666668,0.0016666666666666668,0.0,0.0,0,0,0.0,0.0,0.0,0.0,0.0,0.0,0,0,0.5399999999999999,0.0,0.5399999999999999,0.5399999999999999,0.16,0.0,0.16,0.16,11.98,0.0,11.98,11.98,1.3313450220300287,0.0,1.3313450220300287,1.3313450220300287,0.0,0.0,0.0,0.0,1.438279413103944,0.0,1.438279413103944,1.438279413103944,0.0,0.0,0.0,0.0,0.5952,0.0,0.5952,0.5952,0.0,0.0,0.0,0.0,0.0,0.0,0,0,0.0,0.0,0,0,0.0,0.0,0,0,0.0,0.0,0,0,0.0,0.0,0,0,0.0,0.0,0,0,0.0,0.0,0,0,0.0,0.0,0,0,0.0,0.0,0,0,1.0,0.0,1,1,0.0,0.0,0,0,0.0,0.0,0,0,0.0,0.0,0,0,0.0,0.0,0,0,0.0,0.0,0,0,0.0,0.0,0,0,0.0,0.0,0,0,1.0,0.0,1,1,0.0,0.0,0,0,0.0,0.0,0,0,0.0,0.0,0,0,0.0,0.0,0.0,0.0,0_C,3.0,9.0,0,0,0,1.3,False,False,2,20,1677263505376,0.8201923076923077
yKHxFMtaEJrrKCmX6,0.0,0.0,0.22552355,0.0,0.22552355,0.22552355,0.09361122,0.0,0.09361122,0.09361122,0.6808652,0.0,0.6808652,0.6808652,1.0,0.0,1,1,3.0,0.0,3,3,1.0,0.0,1,1,0.0,0.0,0.0,0.0,0.0,0.0,0.0,0.0,0.0,0.0,0.0,0.0,0.0,0.0,0.0,0.0,0.0,0.0,0.0,0.0,0.0,0.0,0.0,0.0,0.0,0.0,0.0,0.0,0.0,0.0,0.0,0.0,0.0,0.0,0.0,0.0,0.0,0.0,0.0,0.0,0.0,0.0,0.0,0.0,0.0,0.0,0.0,0.0,0.0,0.0,0.0,0.0,0.0,0.0,0.0,0.0,0.0,0.0,0.0,0.0,0.0,0.0,0.0,0.0,0.0,0.0,0.0,0.0,0.0,0.0,0.0,0.0,0.0,0.0,0.0,0.0,0.0,0.0,0.0,0.0,0.0,0.0,0.0,0.0,0.0,0.0,0.0,0.0,0.0,0.0,0.0,0.0,0.0,0.0,0.0,0.0,0.0,0.0,0.0,0.0,0.0,0.0,0.0,0.0,0.0,0.0,0.0,0.0,0.0,0.0,0.0,0.0,0.0,0.0,0.0,0.0,0.0,0.0,0.0,0.0,0.0,0.0,0.0,0.0,0.0,0.0,0.0,0.0,0.0,0.0,0.0,0.0,0.0,0.0,0.0,0.0,0.0,0.0,0.0,0.0,0.0,0.0,0.0,0.0,0.0,0.0,0.0,0.0,0.0,0.0,0.0,0.0,0.0,0.0,0.0,0.0,0.0,0.0,0.0,0.0,0.0,0.0,0.0,0.0,0.0,0.0,0.0,0.0,0.0,0.0,0.0,0.0,0.0,0.0,0.0,0.0,0.0,0.0,0.0,0.0,0.0,0.0,0.0,0.0,0.0,0.0,0.0,0.0,0.0,0.0,0.0,0.0,0.0,0.0,0.0,0.0,0.0,0.0,0.0,0.0,0.0,0.0,0.0,0.0,0.0,0.0,0.0,0.0,0.0,0.0,0.0,0.0,0.0,0.0,0.0,0.0,0.0,0.0,0.0,0.0,0.0,0.0,0,0,0.0,0.0,0,0,1.0,0.0,1.0,1.0,0.0,0.0,0.0,0.0,0.0,0.0,0,0,0.0,0.0,0.0,0.0,0.0,0.0,0,0,0.0,0.0,0.0,0.0,0.0,0.0,0.0,0.0,1.0,0.0,1.0,1.0,-0.9075776761155707,0.0,-0.9075776761155707,-0.9075776761155707,0.0,0.0,0.0,0.0,-0.07157899779462013,0.0,-0.07157899779462013,-0.07157899779462013,0.0,0.0,0.0,0.0,0.0496,0.0,0.0496,0.0496,0.0,0.0,0.0,0.0,0.0,0.0,0,0,0.0,0.0,0,0,0.0,0.0,0,0,0.0,0.0,0,0,0.0,0.0,0,0,0.0,0.0,0,0,0.0,0.0,0,0,0.0,0.0,0,0,0.0,0.0,0,0,0.0,0.0,0,0,0.0,0.0,0,0,0.0,0.0,0,0,0.0,0.0,0,0,0.0,0.0,0,0,0.0,0.0,0,0,0.0,0.0,0,0,0.0,0.0,0,0,0.0,0.0,0,0,0.0,0.0,0,0,0.0,0.0,0,0,0.0,0.0,0,0,0.0,0.0,0.0,0.0,3_C,4.0,13.0,0,0,0,4.0,False,False,4,45,0,0.798125
xi8b3rnqAESQAEGS8,0.0,0.0,0.22552355,0.0,0.22552355,0.22552355,0.09361122,0.0,0.09361122,0.09361122,0.6808652,0.0,0.6808652,0.6808652,1.0,0.0,1,1,3.0,0.0,3,3,1.0,0.0,1,1,0.0,0.0,0.0,0.0,0.0,0.0,0.0,0.0,0.0,0.0,0.0,0.0,0.0,0.0,0.0,0.0,0.0,0.0,0.0,0.0,0.0,0.0,0.0,0.0,0.0,0.0,0.0,0.0,0.0,0.0,0.0,0.0,0.0,0.0,0.0,0.0,0.0,0.0,0.0,0.0,0.0,0.0,0.0,0.0,0.0,0.0,0.0,0.0,0.0,0.0,0.0,0.0,0.0,0.0,0.0,0.0,0.0,0.0,0.0,0.0,0.0,0.0,0.0,0.0,0.0,0.0,0.0,0.0,0.0,0.0,0.0,0.0,0.0,0.0,0.0,0.0,0.0,0.0,0.0,0.0,0.0,0.0,0.0,0.0,0.0,0.0,0.0,0.0,0.0,0.0,0.0,0.0,0.0,0.0,0.0,0.0,0.0,0.0,0.0,0.0,0.0,0.0,0.0,0.0,0.0,0.0,0.0,0.0,0.0,0.0,0.0,0.0,0.0,0.0,0.0,0.0,0.0,0.0,0.0,0.0,0.0,0.0,0.0,0.0,0.0,0.0,0.0,0.0,0.0,0.0,0.0,0.0,0.0,0.0,0.0,0.0,0.0,0.0,0.0,0.0,0.0,0.0,0.0,0.0,0.0,0.0,0.0,0.0,0.0,0.0,0.0,0.0,0.0,0.0,0.0,0.0,0.0,0.0,0.0,0.0,0.0,0.0,0.0,0.0,0.0,0.0,0.0,0.0,0.0,0.0,0.0,0.0,0.0,0.0,0.0,0.0,0.0,0.0,0.0,0.0,0.0,0.0,0.0,0.0,0.0,0.0,0.0,0.0,0.0,0.0,0.0,0.0,0.0,0.0,0.0,0.0,0.0,0.0,0.0,0.0,0.0,0.0,0.0,0.0,0.0,0.0,0.0,0.0,0.0,0.0,0.0,0.0,0.0,0.0,0.0,0.0,0.0,0.0,0.0,0.0,0.0,0.0,0,0,0.0,0.0,0,0,1.0,0.0,1.0,1.0,0.0,0.0,0.0,0.0,0.0,0.0,0,0,0.0,0.0,0.0,0.0,0.0,0.0,0,0,0.0,0.0,0.0,0.0,0.0,0.0,0.0,0.0,1.0,0.0,1.0,1.0,-0.9075776761155707,0.0,-0.9075776761155707,-0.9075776761155707,0.0,0.0,0.0,0.0,-0.07157899779462013,0.0,-0.07157899779462013,-0.07157899779462013,0.0,0.0,0.0,0.0,0.0496,0.0,0.0496,0.0496,0.0,0.0,0.0,0.0,0.0,0.0,0,0,0.0,0.0,0,0,0.0,0.0,0,0,0.0,0.0,0,0,0.0,0.0,0,0,0.0,0.0,0,0,0.0,0.0,0,0,0.0,0.0,0,0,0.0,0.0,0,0,0.0,0.0,0,0,0.0,0.0,0,0,0.0,0.0,0,0,0.0,0.0,0,0,0.0,0.0,0,0,0.0,0.0,0,0,0.0,0.0,0,0,0.0,0.0,0,0,0.0,0.0,0,0,0.0,0.0,0,0,0.0,0.0,0,0,0.0,0.0,0,0,0.0,0.0,0.0,0.0,7_T,3.0,12.0,60,240,0,1.8,True,True,4,30,0,0.7583333333333333
SkeKqNLkys7dNdujC,0.0,0.0,0.22552355,0.0,0.22552355,0.22552355,0.09361122,0.0,0.09361122,0.09361122,0.6808652,0.0,0.6808652,0.6808652,1.0,0.0,1,1,3.0,0.0,3,3,1.0,0.0,1,1,0.0,0.0,0.0,0.0,0.0,0.0,0.0,0.0,0.0,0.0,0.0,0.0,0.0,0.0,0.0,0.0,0.0,0.0,0.0,0.0,0.0,0.0,0.0,0.0,0.0,0.0,0.0,0.0,0.0,0.0,0.0,0.0,0.0,0.0,0.0,0.0,0.0,0.0,0.0,0.0,0.0,0.0,0.0,0.0,0.0,0.0,0.0,0.0,0.0,0.0,0.0,0.0,0.0,0.0,0.0,0.0,0.0,0.0,0.0,0.0,0.0,0.0,0.0,0.0,0.0,0.0,0.0,0.0,0.0,0.0,0.0,0.0,0.0,0.0,0.0,0.0,0.0,0.0,0.0,0.0,0.0,0.0,0.0,0.0,0.0,0.0,0.0,0.0,0.0,0.0,0.0,0.0,0.0,0.0,0.0,0.0,0.0,0.0,0.0,0.0,0.0,0.0,0.0,0.0,0.0,0.0,0.0,0.0,0.0,0.0,0.0,0.0,0.0,0.0,0.0,0.0,0.0,0.0,0.0,0.0,0.0,0.0,0.0,0.0,0.0,0.0,0.0,0.0,0.0,0.0,0.0,0.0,0.0,0.0,0.0,0.0,0.0,0.0,0.0,0.0,0.0,0.0,0.0,0.0,0.0,0.0,0.0,0.0,0.0,0.0,0.0,0.0,0.0,0.0,0.0,0.0,0.0,0.0,0.0,0.0,0.0,0.0,0.0,0.0,0.0,0.0,0.0,0.0,0.0,0.0,0.0,0.0,0.0,0.0,0.0,0.0,0.0,0.0,0.0,0.0,0.0,0.0,0.0,0.0,0.0,0.0,0.0,0.0,0.0,0.0,0.0,0.0,0.0,0.0,0.0,0.0,0.0,0.0,0.0,0.0,0.0,0.0,0.0,0.0,0.0,0.0,0.0,0.0,0.0,0.0,0.0,0.0,0.0,0.0,0.0,0.0,0.0,0.0,0.0,0.0,0.0,0.0,0,0,0.0,0.0,0,0,1.0,0.0,1.0,1.0,0.0,0.0,0.0,0.0,0.0,0.0,0,0,0.0,0.0,0.0,0.0,0.0,0.0,0,0,0.0,0.0,0.0,0.0,0.0,0.0,0.0,0.0,1.0,0.0,1.0,1.0,-0.9075776761155707,0.0,-0.9075776761155707,-0.9075776761155707,0.0,0.0,0.0,0.0,-0.07157899779462013,0.0,-0.07157899779462013,-0.07157899779462013,0.0,0.0,0.0,0.0,0.0496,0.0,0.0496,0.0496,0.0,0.0,0.0,0.0,0.0,0.0,0,0,0.0,0.0,0,0,0.0,0.0,0,0,0.0,0.0,0,0,0.0,0.0,0,0,0.0,0.0,0,0,0.0,0.0,0,0,0.0,0.0,0,0,0.0,0.0,0,0,0.0,0.0,0,0,0.0,0.0,0,0,0.0,0.0,0,0,0.0,0.0,0,0,0.0,0.0,0,0,0.0,0.0,0,0,0.0,0.0,0,0,0.0,0.0,0,0,0.0,0.0,0,0,0.0,0.0,0,0,0.0,0.0,0,0,0.0,0.0,0,0,0.0,0.0,0.0,0.0,4_C,3.0,9.0,123,0,369,5.6,False,True,6,15,0,0.6739087301587302
EZEPLDywvah6husHW,0.0,0.0,0.22552355,0.0,0.22552355,0.22552355,0.09361122,0.0,0.09361122,0.09361122,0.6808652,0.0,0.6808652,0.6808652,1.0,0.0,1,1,3.0,0.0,3,3,1.0,0.0,1,1,0.0,0.0,0.0,0.0,0.0,0.0,0.0,0.0,0.0,0.0,0.0,0.0,0.0,0.0,0.0,0.0,0.0,0.0,0.0,0.0,0.0,0.0,0.0,0.0,0.0,0.0,0.0,0.0,0.0,0.0,0.0,0.0,0.0,0.0,0.0,0.0,0.0,0.0,0.0,0.0,0.0,0.0,0.0,0.0,0.0,0.0,0.0,0.0,0.0,0.0,0.0,0.0,0.0,0.0,0.0,0.0,0.0,0.0,0.0,0.0,0.0,0.0,0.0,0.0,0.0,0.0,0.0,0.0,0.0,0.0,0.0,0.0,0.0,0.0,0.0,0.0,0.0,0.0,0.0,0.0,0.0,0.0,0.0,0.0,0.0,0.0,0.0,0.0,0.0,0.0,0.0,0.0,0.0,0.0,0.0,0.0,0.0,0.0,0.0,0.0,0.0,0.0,0.0,0.0,0.0,0.0,0.0,0.0,0.0,0.0,0.0,0.0,0.0,0.0,0.0,0.0,0.0,0.0,0.0,0.0,0.0,0.0,0.0,0.0,0.0,0.0,0.0,0.0,0.0,0.0,0.0,0.0,0.0,0.0,0.0,0.0,0.0,0.0,0.0,0.0,0.0,0.0,0.0,0.0,0.0,0.0,0.0,0.0,0.0,0.0,0.0,0.0,0.0,0.0,0.0,0.0,0.0,0.0,0.0,0.0,0.0,0.0,0.0,0.0,0.0,0.0,0.0,0.0,0.0,0.0,0.0,0.0,0.0,0.0,0.0,0.0,0.0,0.0,0.0,0.0,0.0,0.0,0.0,0.0,0.0,0.0,0.0,0.0,0.0,0.0,0.0,0.0,0.0,0.0,0.0,0.0,0.0,0.0,0.0,0.0,0.0,0.0,0.0,0.0,0.0,0.0,0.0,0.0,0.0,0.0,0.0,0.0,0.0,0.0,0.0,0.0,0.0,0.0,0.0,0.0,0.0,0.0,0,0,0.0,0.0,0,0,1.0,0.0,1.0,1.0,0.0,0.0,0.0,0.0,0.0,0.0,0,0,0.0,0.0,0.0,0.0,0.0,0.0,0,0,0.0,0.0,0.0,0.0,0.0,0.0,0.0,0.0,1.0,0.0,1.0,1.0,-0.9075776761155707,0.0,-0.9075776761155707,-0.9075776761155707,0.0,0.0,0.0,0.0,-0.07157899779462013,0.0,-0.07157899779462013,-0.07157899779462013,0.0,0.0,0.0,0.0,0.0496,0.0,0.0496,0.0496,0.0,0.0,0.0,0.0,0.0,0.0,0,0,0.0,0.0,0,0,0.0,0.0,0,0,0.0,0.0,0,0,0.0,0.0,0,0,0.0,0.0,0,0,0.0,0.0,0,0,0.0,0.0,0,0,0.0,0.0,0,0,0.0,0.0,0,0,0.0,0.0,0,0,0.0,0.0,0,0,0.0,0.0,0,0,0.0,0.0,0,0,0.0,0.0,0,0,0.0,0.0,0,0,0.0,0.0,0,0,0.0,0.0,0,0,0.0,0.0,0,0,0.0,0.0,0,0,0.0,0.0,0,0,0.0,0.0,0.0,0.0,2_C,1.0,1.0,25,0,25,3.2,False,True,8,5,0,0.6546875
EqiikgYjTFRyueZsm,0.5955414012738854,0.5966404886561955,1.9790815826666668,1.961660054545277,0.09887972,5.870358472,3.426321890377778,4.131608498478788,0.22852266,13.030187752,5.372374259222223,6.094028252122329,0.63510444,19.98274952,69.77777777777777,82.27295731996534,5,251,339.55555555555554,398.5674656709426,21,1174,10.777777777777779,11.783017702305276,1,38,0.01,0.014907119849998597,0.0,0.04,0.001111111111111111,0.003142696805273544,0.0,0.009999999999999998,0.0,0.0,0.0,0.0,0.034444444444444444,0.05057691856329352,0.0,0.15,0.01888888888888889,0.030347778408328144,0.0,0.08,0.02222222222222222,0.026988795114424712,0.0,0.08,0.0011111111111111111,0.0031426968052735444,0.0,0.01,0.015555555555555557,0.02216659704806667,0.0,0.06,0.03666666666666667,0.04807401700618652,0.0,0.16,0.0022222222222222222,0.006285393610547089,0.0,0.02,0.012222222222222223,0.031190375216929335,0.0,0.1,0.026666666666666665,0.03858612300930075,0.0,0.12,0.0011111111111111111,0.0031426968052735444,0.0,0.01,0.0,0.0,0.0,0.0,0.0011111111111111111,0.0031426968052735444,0.0,0.01,0.021111111111111112,0.021314806770278756,0.0,0.07,0.0,0.0,0.0,0.0,0.0,0.0,0.0,0.0,0.005555555555555556,0.0068493488921877515,0.0,0.02,0.026666666666666665,0.03431876713662333,0.0,0.09,0.03444444444444445,0.04524282904778297,0.0,0.13,0.030000000000000002,0.03620926830400072,0.0,0.11,0.006666666666666667,0.010540925533894597,0.0,0.03,0.08666666666666667,0.09153020145163987,0.009999999999999998,0.26,0.007777777777777777,0.015475986974649022,0.0,0.05,0.017777777777777778,0.027397395568751006,0.0,0.09,0.05,0.06200358412579425,0.0,0.19,0.0,0.0,0.0,0.0,0.0022222222222222222,0.006285393610547089,0.0,0.02,0.003333333333333333,0.006666666666666666,0.0,0.02,0.0811111111111111,0.11512741197323219,0.0,0.34,0.03555555555555556,0.03890475866669244,0.009999999999999998,0.13,0.013333333333333332,0.027888667551135848,0.0,0.09,0.01,0.016996731711975948,0.0,0.05,0.007777777777777778,0.011331154474650633,0.0,0.03,0.04,0.0590668171555645,0.0,0.18,0.0022222222222222222,0.006285393610547089,0.0,0.02,0.04111111111111111,0.04998765279645329,0.0,0.16999999999999998,0.01,0.01414213562373095,0.0,0.04,0.021111111111111112,0.03247030932489436,0.0,0.1,0.023333333333333334,0.033665016461206926,0.0,0.09,0.11777777777777779,0.13314801936840218,0.009999999999999998,0.4,0.0022222222222222222,0.00415739709641549,0.0,0.01,0.028888888888888884,0.03478327964999673,0.0,0.09,0.03444444444444444,0.046214742984634266,0.0,0.13999999999999999,0.08444444444444445,0.09889513088914059,0.0,0.29,0.1411111111111111,0.1901721117797387,0.0,0.5599999999999999,0.051111111111111114,0.06226189211609733,0.0,0.16999999999999998,0.008888888888888889,0.009938079899999064,0.0,0.03,0.022222222222222223,0.023934065809486683,0.0,0.08,0.02444444444444445,0.03890475866669244,0.0,0.11000000000000001,0.024444444444444446,0.029101779674908432,0.0,0.08,0.04555555555555555,0.05908771466803703,0.0,0.19999999999999998,0.33111111111111113,0.39232765344074455,0.02,1.2,0.002222222222222222,0.00415739709641549,0.0,0.01,1.6666666666666667,2.1081851067789197,0,6,0.1111111111111111,0.31426968052735443,0,1,10.515349337763132,11.35240781492146,1.0,36.468939393939394,0.006500034554632256,0.008184222440668706,0.0,0.025643578643578642,2.7777777777777777,3.6750745352313836,0,12,0.19891586264135286,0.29513624264716093,0.0,0.9777777777777777,0.2222222222222222,0.41573970964154905,0,1,2.028652931430709,1.983324113685429,0.0,6.195238095238095,0.7161482550371439,0.997564434801881,-0.6555555555555556,2.7,69.73222222222222,82.22277648461835,5.0,250.8,2.239681387223475,6.528050789005932,-6.321107147775387,16.170983743888076,-1.1348946473946044e-15,5.51229003144881,-9.994635461117593,11.596171955823065,-2.5320130834320973,5.451345675507031,-16.688781644117558,1.968657033555934,-1.8503717077085943e-16,4.254223293247903,-8.994799555983956,8.271201789947785,4.174149735449735,4.459608022054285,0.248,12.4496,263.1478888888889,273.6934211856781,-3.556,691.213,0.0,0.0,0,0,0.0,0.0,0,0,1.1111111111111112,1.6629588385661962,0,5,0.0,0.0,0,0,0.4444444444444444,0.6849348892187752,0,2,0.3333333333333333,0.4714045207910317,0,1,0.1111111111111111,0.31426968052735443,0,1,0.0,0.0,0,0,0.1111111111111111,0.31426968052735443,0,1,0.8888888888888888,0.9938079899999066,0,3,1.1111111111111112,1.7916128329552334,0,6,2.2222222222222223,1.9309052441091963,0,6,1.0,1.5634719199411433,0,5,0.1111111111111111,0.31426968052735443,0,1,0.3333333333333333,0.4714045207910317,0,1,0.6666666666666666,1.0540925533894598,0,3,0.7777777777777778,1.4740554623801778,0,4,1.5555555555555556,1.640535895581489,0,4,1.4444444444444444,1.7069212773041351,0,5,0.0,0.0,0,0,0.0,0.0,0,0,0.5754030148996921,0.0013175748901646572,0.09188095361491119,1.2499797444129126,5_T,1.0,2.0,1866,3732,0,2.4,True,False,10,40,1677262940272,0.5543229166666667
AsksqjZ3o5evkoYXu,0.0,0.0,0.22552355,0.0,0.22552355,0.22552355,0.09361122,0.0,0.09361122,0.09361122,0.6808652,0.0,0.6808652,0.6808652,1.0,0.0,1,1,3.0,0.0,3,3,1.0,0.0,1,1,0.0,0.0,0.0,0.0,0.0,0.0,0.0,0.0,0.0,0.0,0.0,0.0,0.0,0.0,0.0,0.0,0.0,0.0,0.0,0.0,0.0,0.0,0.0,0.0,0.0,0.0,0.0,0.0,0.0,0.0,0.0,0.0,0.0,0.0,0.0,0.0,0.0,0.0,0.0,0.0,0.0,0.0,0.0,0.0,0.0,0.0,0.0,0.0,0.0,0.0,0.0,0.0,0.0,0.0,0.0,0.0,0.0,0.0,0.0,0.0,0.0,0.0,0.0,0.0,0.0,0.0,0.0,0.0,0.0,0.0,0.0,0.0,0.0,0.0,0.0,0.0,0.0,0.0,0.0,0.0,0.0,0.0,0.0,0.0,0.0,0.0,0.0,0.0,0.0,0.0,0.0,0.0,0.0,0.0,0.0,0.0,0.0,0.0,0.0,0.0,0.0,0.0,0.0,0.0,0.0,0.0,0.0,0.0,0.0,0.0,0.0,0.0,0.0,0.0,0.0,0.0,0.0,0.0,0.0,0.0,0.0,0.0,0.0,0.0,0.0,0.0,0.0,0.0,0.0,0.0,0.0,0.0,0.0,0.0,0.0,0.0,0.0,0.0,0.0,0.0,0.0,0.0,0.0,0.0,0.0,0.0,0.0,0.0,0.0,0.0,0.0,0.0,0.0,0.0,0.0,0.0,0.0,0.0,0.0,0.0,0.0,0.0,0.0,0.0,0.0,0.0,0.0,0.0,0.0,0.0,0.0,0.0,0.0,0.0,0.0,0.0,0.0,0.0,0.0,0.0,0.0,0.0,0.0,0.0,0.0,0.0,0.0,0.0,0.0,0.0,0.0,0.0,0.0,0.0,0.0,0.0,0.0,0.0,0.0,0.0,0.0,0.0,0.0,0.0,0.0,0.0,0.0,0.0,0.0,0.0,0.0,0.0,0.0,0.0,0.0,0.0,0.0,0.0,0.0,0.0,0.0,0.0,0,0,0.0,0.0,0,0,1.0,0.0,1.0,1.0,0.0,0.0,0.0,0.0,0.0,0.0,0,0,0.0,0.0,0.0,0.0,0.0,0.0,0,0,0.0,0.0,0.0,0.0,0.0,0.0,0.0,0.0,1.0,0.0,1.0,1.0,-0.9075776761155707,0.0,-0.9075776761155707,-0.9075776761155707,0.0,0.0,0.0,0.0,-0.07157899779462013,0.0,-0.07157899779462013,-0.07157899779462013,0.0,0.0,0.0,0.0,0.0496,0.0,0.0496,0.0496,0.0,0.0,0.0,0.0,0.0,0.0,0,0,0.0,0.0,0,0,0.0,0.0,0,0,0.0,0.0,0,0,0.0,0.0,0,0,0.0,0.0,0,0,0.0,0.0,0,0,0.0,0.0,0,0,0.0,0.0,0,0,0.0,0.0,0,0,0.0,0.0,0,0,0.0,0.0,0,0,0.0,0.0,0,0,0.0,0.0,0,0,0.0,0.0,0,0,0.0,0.0,0,0,0.0,0.0,0,0,0.0,0.0,0,0,0.0,0.0,0,0,0.0,0.0,0,0,0.0,0.0,0,0,0.0,0.0,0.0,0.0,2_T,1.0,1.0,256,245,11,3.2,True,True,8,5,0,0.4828125
